nCr_cell,x_formula,group,spin,Cr_sites,energy_eV_label,source_directory
2,1,group10_2a_layer16__2b_layer12,AFM,Cr_2a_layer16;Cr_2b_layer12,-405.80953449,/ix/gwang/yiy219/SrCrGaO/2/Compare_Energy/group10_2a_layer16__2b_layer12/AFM
2,1,group11_4f1_layer15__4f2_layer13,AFM,Cr_4f1_layer15;Cr_4f2_layer13,-405.72430899,/ix/gwang/yiy219/SrCrGaO/2/Compare_Energy/group11_4f1_layer15__4f2_layer13/AFM
2,1,group12_2a_layer8__12k_layer2_1,FM,Cr_2a_layer8;Cr_12k_layer2_1,-406.65742046,/ix/gwang/yiy219/SrCrGaO/2/Compare_Energy/group12_2a_layer8__12k_layer2_1/FM
2,1,group13_12k_layer2_1__layer2_2,FM,Cr_12k_layer2_1;Cr_12k_layer2_2,-406.59619963,/ix/gwang/yiy219/SrCrGaO/2/Compare_Energy/group13_12k_layer2_1__layer2_2/FM
2,1,group1_layer2_2__layer10_1,FM,Cr_12k_layer2_2;Cr_12k_layer10_1,-406.61593593,/ix/gwang/yiy219/SrCrGaO/2/Compare_Energy/group1_layer2_2__layer10_1/FM
2,1,group2_2a_layer16__2a_layer8,FM,Cr_2a_layer16;Cr_2a_layer8,-406.70058178,/ix/gwang/yiy219/SrCrGaO/2/Compare_Energy/group2_2a_layer16__2a_layer8/FM
2,1,group3_2b_layer12__2b_layer4,FM,Cr_2b_layer12;Cr_2b_layer4,-404.59130821,/ix/gwang/yiy219/SrCrGaO/2/Compare_Energy/group3_2b_layer12__2b_layer4/FM
2,1,group4_4f1_layer15__4f1_layer9,FM,Cr_4f1_layer15;Cr_4f1_layer9,-404.5817305,/ix/gwang/yiy219/SrCrGaO/2/Compare_Energy/group4_4f1_layer15__4f1_layer9/FM
2,1,group5_4f1_layer7__4f1_layer1,FM,Cr_4f1_layer1;Cr_4f1_layer7,-404.58168971,/ix/gwang/yiy219/SrCrGaO/2/Compare_Energy/group5_4f1_layer7__4f1_layer1/FM
2,1,group6_4f2_layer13__4f2_layer5,FM,Cr_4f2_layer13;Cr_4f2_layer5,-406.92781596,/ix/gwang/yiy219/SrCrGaO/2/Compare_Energy/group6_4f2_layer13__4f2_layer5/FM
2,1,group7_4f2_layer11__4f2_layer3,FM,Cr_4f2_layer11;Cr_4f2_layer3,-406.92750995,/ix/gwang/yiy219/SrCrGaO/2/Compare_Energy/group7_4f2_layer11__4f2_layer3/FM
2,1,group8_layer6_1__layer14_3,FM,Cr_12k_layer6_1;Cr_12k_layer14_3,-406.61584357,/ix/gwang/yiy219/SrCrGaO/2/Compare_Energy/group8_layer6_1__layer14_3/FM
2,1,group9_layer2_1__layer10_2,FM,Cr_12k_layer2_1;Cr_12k_layer10_2,-406.61596105,/ix/gwang/yiy219/SrCrGaO/2/Compare_Energy/group9_layer2_1__layer10_2/FM
4,2,group01,AFM,12k_layer2_2;12k_layer6_2;12k_layer10_2;12k_layer14_2,-416.51185286,/ix/gwang/yiy219/SrCrGaO/4/Compare_Energy/group01/AFM
4,2,group02,FM,12k_layer2_2;12k_layer6_3;12k_layer10_2;12k_layer14_1,-416.52264824,/ix/gwang/yiy219/SrCrGaO/4/Compare_Energy/group02/FM
4,2,group03,AFM,12k_layer6_1;12k_layer6_2;12k_layer2_3;12k_layer10_3,-416.52827899,/ix/gwang/yiy219/SrCrGaO/4/Compare_Energy/group03/AFM
4,2,group04,AFM,4f2_layer13;4f2_layer11;4f2_layer5;4f2_layer3,-417.17169625,/ix/gwang/yiy219/SrCrGaO/4/Compare_Energy/group04/AFM
4,2,group05,AFM,4f2_layer13;4f2_layer11;2a_layer16;2a_layer8,-416.94191661,/ix/gwang/yiy219/SrCrGaO/4/Compare_Energy/group05/AFM
4,2,group06,FM,4f2_layer11;4f2_layer5;2a_layer16;2a_layer8,-416.95062287,/ix/gwang/yiy219/SrCrGaO/4/Compare_Energy/group06/FM
4,2,group07,FM,12k_layer6_1;12k_layer6_2;2a_layer16;2a_layer8,-416.57753777,/ix/gwang/yiy219/SrCrGaO/4/Compare_Energy/group07/FM
4,2,group08,FM,12k_layer2_3;12k_layer10_1;2a_layer16;2a_layer8,-416.59782056,/ix/gwang/yiy219/SrCrGaO/4/Compare_Energy/group08/FM
4,2,group09_case1,FM,2a_layer16;2a_layer8;4f2_layer13;12k_layer6_2,-416.77003017,/ix/gwang/yiy219/SrCrGaO/4/Compare_Energy/group09_case1/FM
4,2,group09_case2,FM,2a_layer16;2a_layer8;4f2_layer5;12k_layer10_3,-416.76492627,/ix/gwang/yiy219/SrCrGaO/4/Compare_Energy/group09_case2/FM
4,2,group10_case1,AFM,2a_layer16;12k_layer2_1;12k_layer10_2;4f2_layer11,-416.66254445,/ix/gwang/yiy219/SrCrGaO/4/Compare_Energy/group10_case1/AFM
4,2,group10_case2,FM,2a_layer8;12k_layer6_3;12k_layer14_2;4f2_layer5,-416.65624444,/ix/gwang/yiy219/SrCrGaO/4/Compare_Energy/group10_case2/FM
4,2,group12,AFM,2a_layer16;2a_layer8;2b_layer12;2b_layer4,-414.57504566,/ix/gwang/yiy219/SrCrGaO/4/Compare_Energy/group12/AFM
4,2,group14,FM,12k_layer2_1;12k_layer10_3;2b_layer12;2b_layer4,-414.40429113,/ix/gwang/yiy219/SrCrGaO/4/Compare_Energy/group14/FM
4,2,group15,FM,4f1_layer15;4f1_layer7;2a_layer16;2a_layer8,-414.4741629,/ix/gwang/yiy219/SrCrGaO/4/Compare_Energy/group15/FM
4,2,group16,FM,4f1_layer15;4f1_layer9;4f1_layer7;4f1_layer1,-411.36629363,/ix/gwang/yiy219/SrCrGaO/4/Compare_Energy/group16/FM
4,2,group17,FM,4f1_layer9;2b_layer12;2a_layer8;12k_layer14_3,-414.71532569,/ix/gwang/yiy219/SrCrGaO/4/Compare_Energy/group17/FM
6,3,group01,AFM,12k_layer2_1;12k_layer2_2;12k_layer6_1;12k_layer6_2;12k_layer10_1;12k_layer10_2,-426.45611636,/ix/gwang/yiy219/SrCrGaO/6/Compare_Energy/group01/AFM
6,3,group02,FM,12k_layer2_1;12k_layer2_3;12k_layer6_1;12k_layer6_3;12k_layer10_1;12k_layer10_3,-426.40206274,/ix/gwang/yiy219/SrCrGaO/6/Compare_Energy/group02/FM
6,3,group03,AFM,12k_layer2_2;12k_layer2_3;12k_layer6_2;12k_layer6_3;12k_layer10_2;12k_layer10_3,-426.44790827,/ix/gwang/yiy219/SrCrGaO/6/Compare_Energy/group03/AFM
6,3,group04,AFM,12k_layer2_1;12k_layer2_2;12k_layer6_1;12k_layer6_2;12k_layer14_1;12k_layer14_2,-426.4562611,/ix/gwang/yiy219/SrCrGaO/6/Compare_Energy/group04/AFM
6,3,group05,FM,12k_layer2_1;12k_layer2_2;12k_layer10_1;12k_layer10_2;12k_layer14_1;12k_layer14_2,-426.39856747,/ix/gwang/yiy219/SrCrGaO/6/Compare_Energy/group05/FM
6,3,group06,FM,12k_layer6_1;12k_layer6_2;12k_layer10_1;12k_layer10_2;2a_layer16;2a_layer8,-426.4121175,/ix/gwang/yiy219/SrCrGaO/6/Compare_Energy/group06/FM
6,3,group07,FM,12k_layer6_2;12k_layer6_3;12k_layer10_2;12k_layer10_3;2a_layer16;2a_layer8,-426.41028276,/ix/gwang/yiy219/SrCrGaO/6/Compare_Energy/group07/FM
6,3,group08,AFM,12k_layer2_1;12k_layer2_2;12k_layer6_1;12k_layer6_2;4f2_layer3;4f2_layer5,-426.46133363,/ix/gwang/yiy219/SrCrGaO/6/Compare_Energy/group08/AFM
6,3,group09,AFM,12k_layer2_2;12k_layer2_3;12k_layer6_2;12k_layer6_3;4f2_layer3;2a_layer8,-426.46252103,/ix/gwang/yiy219/SrCrGaO/6/Compare_Energy/group09/AFM
6,3,group10,AFM,2a_layer16;4f2_layer13;4f2_layer11;2a_layer8;4f2_layer5;4f2_layer3,-427.19379464,/ix/gwang/yiy219/SrCrGaO/6/Compare_Energy/group10/AFM
6,3,group11,AFM,12k_layer6_1;12k_layer6_2;12k_layer14_1;12k_layer14_2;2a_layer8;4f2_layer11,-426.6563951,/ix/gwang/yiy219/SrCrGaO/6/Compare_Energy/group11/AFM
6,3,group12,FM,12k_layer2_1;12k_layer2_2;12k_layer6_1;12k_layer6_2;4f1_layer15;4f1_layer9,-424.23682569,/ix/gwang/yiy219/SrCrGaO/6/Compare_Energy/group12/FM
6,3,group13,FM,12k_layer2_1;12k_layer2_2;12k_layer6_1;12k_layer6_2;2b_layer12;2b_layer4,-424.22433949,/ix/gwang/yiy219/SrCrGaO/6/Compare_Energy/group13/FM
6,3,group14,AFM,12k_layer2_1;12k_layer6_1;12k_layer10_1;12k_layer14_1;2a_layer16;2a_layer8,-426.47824949,/ix/gwang/yiy219/SrCrGaO/6/Compare_Energy/group14/AFM
6,3,group15,AFM,12k_layer2_2;12k_layer6_2;12k_layer10_2;12k_layer14_2;4f2_layer3;4f2_layer5,-426.61532826,/ix/gwang/yiy219/SrCrGaO/6/Compare_Energy/group15/AFM
8,4,group01_all12k_pair12,AFM,12k_layer2_1;12k_layer2_2;12k_layer6_1;12k_layer6_2;12k_layer10_1;12k_layer10_2;12k_layer14_1;12k_layer14_2,-436.37459639,/ix/gwang/yiy219/SrCrGaO/8/Compare_Energy/group01_all12k_pair12/AFM
8,4,group02_all12k_pair13,AFM,12k_layer2_1;12k_layer2_3;12k_layer6_1;12k_layer6_3;12k_layer10_1;12k_layer10_3;12k_layer14_1;12k_layer14_3,-436.3229897,/ix/gwang/yiy219/SrCrGaO/8/Compare_Energy/group02_all12k_pair13/AFM
8,4,group03_all12k_pair23,AFM,12k_layer2_2;12k_layer2_3;12k_layer6_2;12k_layer6_3;12k_layer10_2;12k_layer10_3;12k_layer14_2;12k_layer14_3,-436.32298996,/ix/gwang/yiy219/SrCrGaO/8/Compare_Energy/group03_all12k_pair23/AFM
8,4,group04_12k2-6-10_f2-3-5,FM,12k_layer2_1;12k_layer2_2;12k_layer6_1;12k_layer6_2;12k_layer10_1;12k_layer10_2;4f2_layer3;4f2_layer5,-436.31090331,/ix/gwang/yiy219/SrCrGaO/8/Compare_Energy/group04_12k2-6-10_f2-3-5/FM
8,4,group05_12k2-6-10_f2-3_2a-8,FM,12k_layer2_1;12k_layer2_2;12k_layer6_1;12k_layer6_2;12k_layer10_1;12k_layer10_2;4f2_layer3;2a_layer8,-436.28664848,/ix/gwang/yiy219/SrCrGaO/8/Compare_Energy/group05_12k2-6-10_f2-3_2a-8/FM
8,4,group06_12k2-6-10_2a,AFM,12k_layer2_1;12k_layer2_2;12k_layer6_1;12k_layer6_2;12k_layer10_1;12k_layer10_2;2a_layer8;2a_layer16,-436.32749315,/ix/gwang/yiy219/SrCrGaO/8/Compare_Energy/group06_12k2-6-10_2a/AFM
8,4,group07_allf2_2a_12k-layer2,AFM,12k_layer2_1;12k_layer2_2;4f2_layer3;4f2_layer5;2a_layer8;4f2_layer11;4f2_layer13;2a_layer16,-436.94070101,/ix/gwang/yiy219/SrCrGaO/8/Compare_Energy/group07_allf2_2a_12k-layer2/AFM
8,4,group08_allf2_2a_single12k-layers2-6,AFM,12k_layer2_1;4f2_layer3;4f2_layer5;12k_layer6_1;2a_layer8;4f2_layer11;4f2_layer13;2a_layer16,-436.91240208,/ix/gwang/yiy219/SrCrGaO/8/Compare_Energy/group08_allf2_2a_single12k-layers2-6/AFM
8,4,group09_allf2_2a_single12k-layers2-10,AFM,12k_layer2_1;4f2_layer3;4f2_layer5;2a_layer8;12k_layer10_1;4f2_layer11;4f2_layer13;2a_layer16,-436.9335096,/ix/gwang/yiy219/SrCrGaO/8/Compare_Energy/group09_allf2_2a_single12k-layers2-10/AFM
8,4,group10_allf2_one-per-12k-layer,AFM,12k_layer2_1;4f2_layer3;4f2_layer5;12k_layer6_1;12k_layer10_1;4f2_layer11;4f2_layer13;12k_layer14_1,-436.66777557,/ix/gwang/yiy219/SrCrGaO/8/Compare_Energy/group10_allf2_one-per-12k-layer/AFM
8,4,group11_allf1_one-per-12k-layer,FM,4f1_layer1;12k_layer2_1;12k_layer6_1;4f1_layer7;4f1_layer9;12k_layer10_1;12k_layer14_1;4f1_layer15,-431.75066883,/ix/gwang/yiy219/SrCrGaO/8/Compare_Energy/group11_allf1_one-per-12k-layer/FM
8,4,group12_2b_f2-3-5_12k-layers2-6,FM,12k_layer2_1;12k_layer2_2;4f2_layer3;2b_layer4;4f2_layer5;12k_layer6_1;12k_layer6_2;2b_layer12,-434.40053821,/ix/gwang/yiy219/SrCrGaO/8/Compare_Energy/group12_2b_f2-3-5_12k-layers2-6/FM
8,4,group13_pairs2-6-14_single10_2a-8,AFM,12k_layer2_1;12k_layer2_2;12k_layer6_1;12k_layer6_2;2a_layer8;12k_layer10_1;12k_layer14_1;12k_layer14_2,-436.38373689,/ix/gwang/yiy219/SrCrGaO/8/Compare_Energy/group13_pairs2-6-14_single10_2a-8/AFM
8,4,group14_pairs2-6-14_single10_f2-3,AFM,12k_layer2_1;12k_layer2_2;4f2_layer3;12k_layer6_1;12k_layer6_2;12k_layer10_1;12k_layer14_1;12k_layer14_2,-436.37786614,/ix/gwang/yiy219/SrCrGaO/8/Compare_Energy/group14_pairs2-6-14_single10_f2-3/AFM
8,4,group15_allf2_2a_12k-layer6,AFM,4f2_layer3;4f2_layer5;12k_layer6_1;12k_layer6_2;2a_layer8;4f2_layer11;4f2_layer13;2a_layer16,-436.94057733,/ix/gwang/yiy219/SrCrGaO/8/Compare_Energy/group15_allf2_2a_12k-layer6/AFM
8,4,group16_allf2_2a_12k-layer10,AFM,4f2_layer3;4f2_layer5;2a_layer8;12k_layer10_1;12k_layer10_2;4f2_layer11;4f2_layer13;2a_layer16,-436.94069963,/ix/gwang/yiy219/SrCrGaO/8/Compare_Energy/group16_allf2_2a_12k-layer10/AFM
10,5,group01,AFM,12k_layer2_1;12k_layer2_2;12k_layer6_1;12k_layer6_2;12k_layer10_1;12k_layer10_2;12k_layer14_1;12k_layer14_2;4f2_layer3;4f2_layer5,-446.31851145,/ix/gwang/yiy219/SrCrGaO/10/Compare_Energy/group01/AFM
10,5,group02,AFM,12k_layer2_1;12k_layer2_2;12k_layer6_1;12k_layer6_2;12k_layer10_1;12k_layer10_2;12k_layer14_1;12k_layer14_2;4f2_layer13;4f2_layer5,-446.30289281,/ix/gwang/yiy219/SrCrGaO/10/Compare_Energy/group02/AFM
10,5,group03,AFM,12k_layer2_1;12k_layer2_2;12k_layer6_1;12k_layer6_2;12k_layer10_1;12k_layer10_2;12k_layer14_1;12k_layer14_2;2a_layer16;2a_layer8,-446.26301264,/ix/gwang/yiy219/SrCrGaO/10/Compare_Energy/group03/AFM
10,5,group04,FM,12k_layer2_1;12k_layer2_2;12k_layer6_1;12k_layer6_2;12k_layer10_1;12k_layer10_2;12k_layer14_1;12k_layer14_2;4f2_layer3;2a_layer16,-446.17802699,/ix/gwang/yiy219/SrCrGaO/10/Compare_Energy/group04/FM
10,5,group05,FM,12k_layer2_1;12k_layer2_2;12k_layer6_1;12k_layer6_2;12k_layer10_1;12k_layer10_2;12k_layer14_1;12k_layer14_2;4f2_layer5;2a_layer8,-446.17832131,/ix/gwang/yiy219/SrCrGaO/10/Compare_Energy/group05/FM
10,5,group07,FM,12k_layer2_1;12k_layer2_2;12k_layer6_1;12k_layer6_2;12k_layer10_1;12k_layer10_2;12k_layer14_1;12k_layer14_2;4f2_layer13;2a_layer16,-446.17833793,/ix/gwang/yiy219/SrCrGaO/10/Compare_Energy/group07/FM
10,5,group08,AFM,12k_layer2_1;12k_layer2_2;12k_layer6_1;12k_layer6_2;12k_layer10_1;12k_layer10_2;12k_layer14_1;12k_layer14_2;2b_layer12;2b_layer4,-444.38265269,/ix/gwang/yiy219/SrCrGaO/10/Compare_Energy/group08/AFM
10,5,group09,AFM,12k_layer2_1;12k_layer2_2;12k_layer6_1;12k_layer6_2;12k_layer10_1;12k_layer10_2;12k_layer14_1;12k_layer14_2;4f1_layer9;4f1_layer1,-443.79672762,/ix/gwang/yiy219/SrCrGaO/10/Compare_Energy/group09/AFM
10,5,group10,FM,12k_layer2_1;12k_layer2_2;12k_layer6_1;12k_layer6_2;12k_layer10_1;12k_layer10_2;12k_layer14_1;12k_layer14_2;4f1_layer1;2b_layer4,-444.20473024,/ix/gwang/yiy219/SrCrGaO/10/Compare_Energy/group10/FM
10,5,group11,AFM,12k_layer2_1;12k_layer2_2;12k_layer6_1;12k_layer6_2;4f2_layer3;4f2_layer5;4f2_layer11;4f2_layer13;2a_layer16;2a_layer8,-446.68045976,/ix/gwang/yiy219/SrCrGaO/10/Compare_Energy/group11/AFM
10,5,group12,AFM,12k_layer2_1;12k_layer2_2;12k_layer10_1;12k_layer10_2;4f2_layer3;4f2_layer5;4f2_layer11;4f2_layer13;2a_layer16;2a_layer8,-446.72106299,/ix/gwang/yiy219/SrCrGaO/10/Compare_Energy/group12/AFM
10,5,group13,FM,12k_layer2_1;12k_layer2_2;12k_layer14_1;12k_layer14_2;4f2_layer3;4f2_layer5;4f2_layer11;4f2_layer13;2a_layer16;2a_layer8,-446.52951049,/ix/gwang/yiy219/SrCrGaO/10/Compare_Energy/group13/FM
10,5,group14,AFM,12k_layer2_1;12k_layer2_2;12k_layer6_1;12k_layer6_2;12k_layer10_1;12k_layer10_2;4f2_layer3;4f2_layer5;4f2_layer11;4f2_layer13,-446.50981074,/ix/gwang/yiy219/SrCrGaO/10/Compare_Energy/group14/AFM
10,5,group15,AFM,12k_layer6_1;12k_layer6_2;12k_layer10_1;12k_layer10_2;12k_layer14_1;12k_layer14_2;4f2_layer3;4f2_layer5;4f2_layer11;4f2_layer13,-446.51011862,/ix/gwang/yiy219/SrCrGaO/10/Compare_Energy/group15/AFM
