晶胞内Cr数,化学式x值,构型,磁态,数据来源类别,OUTCAR最终总能量（eV／64原子晶胞）,最终Cr局域磁矩（μB）,初始Cr磁矩（μB）,OUTCAR完成,离子收敛,有效,排除原因,选中,超算目录
2,1,group10_2a_layer16__2b_layer12,AFM,Compare_Energy,-405.80953449,3.001;-2.922,5.0;-5.0,True,True,True,,True,/ix/gwang/yiy219/SrCrGaO/2/Compare_Energy/group10_2a_layer16__2b_layer12/AFM
2,1,group10_2a_layer16__2b_layer12,FM,Compare_Energy,-405.65597947,3.002;3.013,5.0;5.0,True,True,True,,False,/ix/gwang/yiy219/SrCrGaO/2/Compare_Energy/group10_2a_layer16__2b_layer12/FM
2,1,group11_4f1_layer15__4f2_layer13,AFM,Compare_Energy,-405.72430899,2.956;-2.978,5.0;-5.0,True,True,True,,True,/ix/gwang/yiy219/SrCrGaO/2/Compare_Energy/group11_4f1_layer15__4f2_layer13/AFM
2,1,group11_4f1_layer15__4f2_layer13,FM,Compare_Energy,-405.48686053,3.126;2.978,5.0;5.0,True,True,True,,False,/ix/gwang/yiy219/SrCrGaO/2/Compare_Energy/group11_4f1_layer15__4f2_layer13/FM
2,1,group12_2a_layer8__12k_layer2_1,AFM,Compare_Energy,-405.61708639,3.0;-1.023,5.0;-5.0,True,True,False,Cr_moment_outside_2.5_to_3.5_muB,False,/ix/gwang/yiy219/SrCrGaO/2/Compare_Energy/group12_2a_layer8__12k_layer2_1/AFM
2,1,group12_2a_layer8__12k_layer2_1,FM,Compare_Energy,-406.65742046,3.0;2.984,5.0;5.0,True,True,True,,True,/ix/gwang/yiy219/SrCrGaO/2/Compare_Energy/group12_2a_layer8__12k_layer2_1/FM
2,1,group13_12k_layer2_1__layer2_2,AFM,Compare_Energy,-405.58021215,2.964;-0.999,5.0;-5.0,True,True,False,Cr_moment_outside_2.5_to_3.5_muB,False,/ix/gwang/yiy219/SrCrGaO/2/Compare_Energy/group13_12k_layer2_1__layer2_2/AFM
2,1,group13_12k_layer2_1__layer2_2,FM,Compare_Energy,-406.59619963,2.99;2.99,5.0;5.0,True,True,True,,True,/ix/gwang/yiy219/SrCrGaO/2/Compare_Energy/group13_12k_layer2_1__layer2_2/FM
2,1,group1_layer2_2__layer10_1,AFM,Compare_Energy,-406.61593147,2.984;2.984,5.0;-5.0,True,True,False,AFM_Cr_signs_not_mixed;Cr_sign_pattern_changed_from_MAGMOM,False,/ix/gwang/yiy219/SrCrGaO/2/Compare_Energy/group1_layer2_2__layer10_1/AFM
2,1,group1_layer2_2__layer10_1,FM,Compare_Energy,-406.61593593,2.984;2.984,5.0;5.0,True,True,True,,True,/ix/gwang/yiy219/SrCrGaO/2/Compare_Energy/group1_layer2_2__layer10_1/FM
2,1,group2_2a_layer16__2a_layer8,AFM,Compare_Energy,-405.63334911,3.0;0.999,5.0;-5.0,True,True,False,Cr_moment_outside_2.5_to_3.5_muB;AFM_Cr_signs_not_mixed;Cr_sign_pattern_changed_from_MAGMOM,False,/ix/gwang/yiy219/SrCrGaO/2/Compare_Energy/group2_2a_layer16__2a_layer8/AFM
2,1,group2_2a_layer16__2a_layer8,FM,Compare_Energy,-406.70058178,3.0;3.0,5.0;5.0,True,True,True,,True,/ix/gwang/yiy219/SrCrGaO/2/Compare_Energy/group2_2a_layer16__2a_layer8/FM
2,1,group3_2b_layer12__2b_layer4,AFM,Compare_Energy,-404.76096018,3.015;2.927,5.0;-5.0,True,True,False,AFM_Cr_signs_not_mixed;Cr_sign_pattern_changed_from_MAGMOM,False,/ix/gwang/yiy219/SrCrGaO/2/Compare_Energy/group3_2b_layer12__2b_layer4/AFM
2,1,group3_2b_layer12__2b_layer4,FM,Compare_Energy,-404.59130821,3.038;3.037,5.0;5.0,True,True,True,,True,/ix/gwang/yiy219/SrCrGaO/2/Compare_Energy/group3_2b_layer12__2b_layer4/FM
2,1,group4_4f1_layer15__4f1_layer9,AFM,Compare_Energy,-404.58312295,2.956;2.955,5.0;-5.0,True,True,False,AFM_Cr_signs_not_mixed;Cr_sign_pattern_changed_from_MAGMOM,False,/ix/gwang/yiy219/SrCrGaO/2/Compare_Energy/group4_4f1_layer15__4f1_layer9/AFM
2,1,group4_4f1_layer15__4f1_layer9,FM,Compare_Energy,-404.5817305,2.956;2.955,5.0;5.0,True,True,True,,True,/ix/gwang/yiy219/SrCrGaO/2/Compare_Energy/group4_4f1_layer15__4f1_layer9/FM
2,1,group5_4f1_layer7__4f1_layer1,AFM,Compare_Energy,-404.58198207,2.957;2.956,5.0;-5.0,True,True,False,AFM_Cr_signs_not_mixed;Cr_sign_pattern_changed_from_MAGMOM,False,/ix/gwang/yiy219/SrCrGaO/2/Compare_Energy/group5_4f1_layer7__4f1_layer1/AFM
2,1,group5_4f1_layer7__4f1_layer1,FM,Compare_Energy,-404.58168971,2.955;2.956,5.0;5.0,True,True,True,,True,/ix/gwang/yiy219/SrCrGaO/2/Compare_Energy/group5_4f1_layer7__4f1_layer1/FM
2,1,group6_4f2_layer13__4f2_layer5,AFM,Compare_Energy,-406.92776972,2.979;2.979,5.0;-5.0,True,True,False,AFM_Cr_signs_not_mixed;Cr_sign_pattern_changed_from_MAGMOM,False,/ix/gwang/yiy219/SrCrGaO/2/Compare_Energy/group6_4f2_layer13__4f2_layer5/AFM
2,1,group6_4f2_layer13__4f2_layer5,FM,Compare_Energy,-406.92781596,2.979;2.979,5.0;5.0,True,True,True,,True,/ix/gwang/yiy219/SrCrGaO/2/Compare_Energy/group6_4f2_layer13__4f2_layer5/FM
2,1,group7_4f2_layer11__4f2_layer3,AFM,Compare_Energy,-406.92751421,2.979;2.979,5.0;-5.0,True,True,False,AFM_Cr_signs_not_mixed;Cr_sign_pattern_changed_from_MAGMOM,False,/ix/gwang/yiy219/SrCrGaO/2/Compare_Energy/group7_4f2_layer11__4f2_layer3/AFM
2,1,group7_4f2_layer11__4f2_layer3,FM,Compare_Energy,-406.92750995,2.979;2.979,5.0;5.0,True,True,True,,True,/ix/gwang/yiy219/SrCrGaO/2/Compare_Energy/group7_4f2_layer11__4f2_layer3/FM
2,1,group8_layer6_1__layer14_3,AFM,Compare_Energy,-405.58903112,2.984;1.025,5.0;-5.0,True,True,False,Cr_moment_outside_2.5_to_3.5_muB;AFM_Cr_signs_not_mixed;Cr_sign_pattern_changed_from_MAGMOM,False,/ix/gwang/yiy219/SrCrGaO/2/Compare_Energy/group8_layer6_1__layer14_3/AFM
2,1,group8_layer6_1__layer14_3,FM,Compare_Energy,-406.61584357,2.984;2.984,5.0;5.0,True,True,True,,True,/ix/gwang/yiy219/SrCrGaO/2/Compare_Energy/group8_layer6_1__layer14_3/FM
2,1,group9_layer2_1__layer10_2,AFM,Compare_Energy,-406.61596955,2.984;2.984,5.0;-5.0,True,True,False,AFM_Cr_signs_not_mixed;Cr_sign_pattern_changed_from_MAGMOM,False,/ix/gwang/yiy219/SrCrGaO/2/Compare_Energy/group9_layer2_1__layer10_2/AFM
2,1,group9_layer2_1__layer10_2,FM,Compare_Energy,-406.61596105,2.984;2.984,5.0;5.0,True,True,True,,True,/ix/gwang/yiy219/SrCrGaO/2/Compare_Energy/group9_layer2_1__layer10_2/FM
4,2,group01,AFM,Compare_Energy,-416.51185286,2.983;-2.983;2.983;-2.983,3.0;-3.0;3.0;-3.0,True,True,True,,True,/ix/gwang/yiy219/SrCrGaO/4/Compare_Energy/group01/AFM
4,2,group01,FM,Compare_Energy,-416.51009175,2.983;2.982;2.983;2.982,3.0;3.0;3.0;3.0,True,True,True,,False,/ix/gwang/yiy219/SrCrGaO/4/Compare_Energy/group01/FM
4,2,group02,AFM,Compare_Energy,-416.52227944,2.983;-2.983;2.983;-2.983,3.0;-3.0;3.0;-3.0,True,True,True,,False,/ix/gwang/yiy219/SrCrGaO/4/Compare_Energy/group02/AFM
4,2,group02,FM,Compare_Energy,-416.52264824,2.984;2.984;2.984;2.984,3.0;3.0;3.0;3.0,True,True,True,,True,/ix/gwang/yiy219/SrCrGaO/4/Compare_Energy/group02/FM
4,2,group03,AFM,Compare_Energy,-416.52827899,2.963;-2.963;2.984;-2.983,3.0;-3.0;3.0;-3.0,True,True,True,,True,/ix/gwang/yiy219/SrCrGaO/4/Compare_Energy/group03/AFM
4,2,group03,FM,Compare_Energy,-416.50642211,2.99;2.99;2.984;2.984,3.0;3.0;3.0;3.0,True,True,True,,False,/ix/gwang/yiy219/SrCrGaO/4/Compare_Energy/group03/FM
4,2,group04,AFM,Compare_Energy,-417.17169625,2.962;-2.964;2.962;-2.964,3.0;-3.0;3.0;-3.0,True,True,True,,True,/ix/gwang/yiy219/SrCrGaO/4/Compare_Energy/group04/AFM
4,2,group04,FM,Compare_Energy,-417.08409238,2.978;2.98;2.978;2.98,3.0;3.0;3.0;3.0,True,True,True,,False,/ix/gwang/yiy219/SrCrGaO/4/Compare_Energy/group04/FM
4,2,group05,AFM,Compare_Energy,-416.94191661,2.961;-2.964;3.001;-3.001,3.0;-3.0;3.0;-3.0,True,True,True,,True,/ix/gwang/yiy219/SrCrGaO/4/Compare_Energy/group05/AFM
4,2,group05,FM,Compare_Energy,-416.89731996,2.978;2.98;3.001;3.001,3.0;3.0;3.0;3.0,True,True,True,,False,/ix/gwang/yiy219/SrCrGaO/4/Compare_Energy/group05/FM
4,2,group06,AFM,Compare_Energy,-414.84456331,2.979;-1.001;1.001;-3.001,3.0;-3.0;3.0;-3.0,True,True,False,Cr_moment_outside_2.5_to_3.5_muB,False,/ix/gwang/yiy219/SrCrGaO/4/Compare_Energy/group06/AFM
4,2,group06,FM,Compare_Energy,-416.95062287,2.979;2.979;2.999;3.004,3.0;3.0;3.0;3.0,True,True,True,,True,/ix/gwang/yiy219/SrCrGaO/4/Compare_Energy/group06/FM
4,2,group07,AFM,Compare_Energy,-414.54728927,2.958;-1.01;1.001;-2.987,3.0;-3.0;3.0;-3.0,True,True,False,Cr_moment_outside_2.5_to_3.5_muB,False,/ix/gwang/yiy219/SrCrGaO/4/Compare_Energy/group07/AFM
4,2,group07,FM,Compare_Energy,-416.57753777,2.99;2.99;2.999;2.999,3.0;3.0;3.0;3.0,True,True,True,,True,/ix/gwang/yiy219/SrCrGaO/4/Compare_Energy/group07/FM
4,2,group08,AFM,Compare_Energy,-416.59780452,2.985;-2.985;3.0;-3.0,3.0;-3.0;3.0;-3.0,True,True,True,,False,/ix/gwang/yiy219/SrCrGaO/4/Compare_Energy/group08/AFM
4,2,group08,FM,Compare_Energy,-416.59782056,2.985;2.985;3.0;3.0,3.0;3.0;3.0;3.0,True,True,True,,True,/ix/gwang/yiy219/SrCrGaO/4/Compare_Energy/group08/FM
4,2,group09_case1,AFM,Compare_Energy,-414.66796054,3.001;-1.002;1.002;-2.985,3.0;-3.0;3.0;-3.0,True,True,False,Cr_moment_outside_2.5_to_3.5_muB,False,/ix/gwang/yiy219/SrCrGaO/4/Compare_Energy/group09_case1/AFM
4,2,group09_case1,FM,Compare_Energy,-416.77003017,3.001;3.0;2.98;2.985,3.0;3.0;3.0;3.0,True,True,True,,True,/ix/gwang/yiy219/SrCrGaO/4/Compare_Energy/group09_case1/FM
4,2,group09_case2,AFM,Compare_Energy,-416.76448018,2.999;-3.0;2.978;-2.984,3.0;-3.0;3.0;-3.0,True,True,True,,False,/ix/gwang/yiy219/SrCrGaO/4/Compare_Energy/group09_case2/AFM
4,2,group09_case2,FM,Compare_Energy,-416.76492627,2.999;3.002;2.978;2.984,3.0;3.0;3.0;3.0,True,True,True,,True,/ix/gwang/yiy219/SrCrGaO/4/Compare_Energy/group09_case2/FM
4,2,group10_case1,AFM,Compare_Energy,-416.66254445,2.993;-2.978;2.964;-2.967,3.0;-3.0;3.0;-3.0,True,True,True,,True,/ix/gwang/yiy219/SrCrGaO/4/Compare_Energy/group10_case1/AFM
4,2,group10_case1,FM,Compare_Energy,-416.66056929,3.0;2.985;3.0;2.989,3.0;3.0;3.0;3.0,True,True,True,,False,/ix/gwang/yiy219/SrCrGaO/4/Compare_Energy/group10_case1/FM
4,2,group10_case2,AFM,Compare_Energy,-414.59740128,2.994;-2.98;-1.026;0.987,3.0;-3.0;3.0;-3.0,True,True,False,Cr_moment_outside_2.5_to_3.5_muB;Cr_sign_pattern_changed_from_MAGMOM,False,/ix/gwang/yiy219/SrCrGaO/4/Compare_Energy/group10_case2/AFM
4,2,group10_case2,FM,Compare_Energy,-416.65624444,3.001;3.001;2.984;2.989,3.0;3.0;3.0;3.0,True,True,True,,True,/ix/gwang/yiy219/SrCrGaO/4/Compare_Energy/group10_case2/FM
4,2,group11,AFM,Compare_Energy,-414.94751385,1.032;-1.033;2.977;-2.984,3.0;-3.0;3.0;-3.0,True,True,False,Cr_moment_outside_2.5_to_3.5_muB,False,/ix/gwang/yiy219/SrCrGaO/4/Compare_Energy/group11/AFM
4,2,group11,FM,Compare_Energy,,,3.0;3.0;3.0;3.0,False,False,False,missing_final_energy;OUTCAR_not_finished;ionic_not_converged;missing_final_moments,False,/ix/gwang/yiy219/SrCrGaO/4/Compare_Energy/group11/FM
4,2,group12,AFM,Compare_Energy,-414.57504566,3.003;-3.003;3.054;-3.054,3.0;-3.0;3.0;-3.0,True,True,True,,True,/ix/gwang/yiy219/SrCrGaO/4/Compare_Energy/group12/AFM
4,2,group12,FM,Compare_Energy,-414.57320165,3.003;3.003;3.074;3.074,3.0;3.0;3.0;3.0,True,True,True,,False,/ix/gwang/yiy219/SrCrGaO/4/Compare_Energy/group12/FM
4,2,group13,AFM,Compare_Energy,-413.0987343,3.548;-3.369;2.512;-2.674,3.0;-3.0;3.0;-3.0,True,True,False,Cr_moment_outside_2.5_to_3.5_muB,False,/ix/gwang/yiy219/SrCrGaO/4/Compare_Energy/group13/AFM
4,2,group13,FM,Compare_Energy,-413.1133265,3.386;3.522;2.525;2.685,3.0;3.0;3.0;3.0,True,True,False,Cr_moment_outside_2.5_to_3.5_muB,False,/ix/gwang/yiy219/SrCrGaO/4/Compare_Energy/group13/FM
4,2,group14,AFM,Compare_Energy,-414.39382626,2.982;-2.983;3.05;-3.049,3.0;-3.0;3.0;-3.0,True,True,True,,False,/ix/gwang/yiy219/SrCrGaO/4/Compare_Energy/group14/AFM
4,2,group14,FM,Compare_Energy,-414.40429113,2.988;2.988;3.072;3.074,3.0;3.0;3.0;3.0,True,True,True,,True,/ix/gwang/yiy219/SrCrGaO/4/Compare_Energy/group14/FM
4,2,group15,AFM,Compare_Energy,-414.47412824,2.995;-2.995;3.028;-3.028,3.0;-3.0;3.0;-3.0,True,True,True,,False,/ix/gwang/yiy219/SrCrGaO/4/Compare_Energy/group15/AFM
4,2,group15,FM,Compare_Energy,-414.4741629,2.995;2.995;3.028;3.028,3.0;3.0;3.0;3.0,True,True,True,,True,/ix/gwang/yiy219/SrCrGaO/4/Compare_Energy/group15/FM
4,2,group16,AFM,Compare_Energy,-411.26172331,3.117;-3.119;3.117;-3.119,3.0;-3.0;3.0;-3.0,True,True,True,,False,/ix/gwang/yiy219/SrCrGaO/4/Compare_Energy/group16/AFM
4,2,group16,FM,Compare_Energy,-411.36629363,3.054;3.15;3.054;3.15,3.0;3.0;3.0;3.0,True,True,True,,True,/ix/gwang/yiy219/SrCrGaO/4/Compare_Energy/group16/FM
4,2,group17,AFM,Compare_Energy,-414.45129029,2.995;-3.055;3.026;-2.989,3.0;-3.0;3.0;-3.0,True,True,True,,False,/ix/gwang/yiy219/SrCrGaO/4/Compare_Energy/group17/AFM
4,2,group17,FM,Compare_Energy,-414.71532569,3.339;2.717;3.037;2.989,3.0;3.0;3.0;3.0,True,True,True,,True,/ix/gwang/yiy219/SrCrGaO/4/Compare_Energy/group17/FM
6,3,group01,AFM,Compare_Energy,-426.45611636,2.964;-2.964;2.96;-2.961;2.963;-2.963,3.0;-3.0;3.0;-3.0;3.0;-3.0,True,True,True,,True,/ix/gwang/yiy219/SrCrGaO/6/Compare_Energy/group01/AFM
6,3,group01,FM,Compare_Energy,-426.39856809,2.989;2.989;2.988;2.988;2.989;2.989,3.0;3.0;3.0;3.0;3.0;3.0,True,True,True,,False,/ix/gwang/yiy219/SrCrGaO/6/Compare_Energy/group01/FM
6,3,group02,AFM,Compare_Energy,-424.43009929,2.964;-2.964;1.016;-1.017;2.964;-2.964,3.0;-3.0;3.0;-3.0;3.0;-3.0,True,True,False,Cr_moment_outside_2.5_to_3.5_muB,False,/ix/gwang/yiy219/SrCrGaO/6/Compare_Energy/group02/AFM
6,3,group02,FM,Compare_Energy,-426.40206274,2.989;2.989;2.988;2.988;2.989;2.989,3.0;3.0;3.0;3.0;3.0;3.0,True,True,True,,True,/ix/gwang/yiy219/SrCrGaO/6/Compare_Energy/group02/FM
6,3,group03,AFM,Compare_Energy,-426.44790827,2.964;-2.965;2.961;-2.961;2.963;-2.963,3.0;-3.0;3.0;-3.0;3.0;-3.0,True,True,True,,True,/ix/gwang/yiy219/SrCrGaO/6/Compare_Energy/group03/AFM
6,3,group03,FM,Compare_Energy,-426.39562422,2.989;2.99;2.988;2.988;2.989;2.989,3.0;3.0;3.0;3.0;3.0;3.0,True,True,True,,False,/ix/gwang/yiy219/SrCrGaO/6/Compare_Energy/group03/FM
6,3,group04,AFM,Compare_Energy,-426.4562611,2.961;-2.961;2.964;-2.964;2.963;-2.963,3.0;-3.0;3.0;-3.0;3.0;-3.0,True,True,True,,True,/ix/gwang/yiy219/SrCrGaO/6/Compare_Energy/group04/AFM
6,3,group04,FM,Compare_Energy,-426.39875017,2.988;2.988;2.989;2.989;2.989;2.989,3.0;3.0;3.0;3.0;3.0;3.0,True,True,True,,False,/ix/gwang/yiy219/SrCrGaO/6/Compare_Energy/group04/FM
6,3,group05,AFM,Compare_Energy,-424.40608004,2.964;-2.964;2.965;-2.965;-0.986;0.97,3.0;-3.0;3.0;-3.0;3.0;-3.0,True,True,False,Cr_moment_outside_2.5_to_3.5_muB;Cr_sign_pattern_changed_from_MAGMOM,False,/ix/gwang/yiy219/SrCrGaO/6/Compare_Energy/group05/AFM
6,3,group05,FM,Compare_Energy,-426.39856747,2.989;2.989;2.989;2.989;2.988;2.988,3.0;3.0;3.0;3.0;3.0;3.0,True,True,True,,True,/ix/gwang/yiy219/SrCrGaO/6/Compare_Energy/group05/FM
6,3,group06,AFM,Compare_Energy,-424.38629188,2.956;-2.957;2.956;-2.957;-1.001;1.001,3.0;-3.0;3.0;-3.0;3.0;-3.0,True,True,False,Cr_moment_outside_2.5_to_3.5_muB;Cr_sign_pattern_changed_from_MAGMOM,False,/ix/gwang/yiy219/SrCrGaO/6/Compare_Energy/group06/AFM
6,3,group06,FM,Compare_Energy,-426.4121175,2.989;2.989;2.989;2.989;3.0;3.001,3.0;3.0;3.0;3.0;3.0;3.0,True,True,True,,True,/ix/gwang/yiy219/SrCrGaO/6/Compare_Energy/group06/FM
6,3,group07,AFM,Compare_Energy,-426.46598877,2.963;-2.957;2.964;-2.957;-2.999;2.989,3.0;-3.0;3.0;-3.0;3.0;-3.0,True,True,False,Cr_sign_pattern_changed_from_MAGMOM,False,/ix/gwang/yiy219/SrCrGaO/6/Compare_Energy/group07/AFM
6,3,group07,FM,Compare_Energy,-426.41028276,2.989;2.989;2.989;2.989;2.999;3.001,3.0;3.0;3.0;3.0;3.0;3.0,True,True,True,,True,/ix/gwang/yiy219/SrCrGaO/6/Compare_Energy/group07/FM
6,3,group08,AFM,Compare_Energy,-426.46133363,2.981;-2.944;2.943;-2.98;2.958;-2.957,3.0;-3.0;3.0;-3.0;3.0;-3.0,True,True,True,,True,/ix/gwang/yiy219/SrCrGaO/6/Compare_Energy/group08/AFM
6,3,group08,FM,Compare_Energy,-426.40897207,3.006;3.006;3.005;3.006;3.0;3.0,3.0;3.0;3.0;3.0;3.0;3.0,True,True,True,,False,/ix/gwang/yiy219/SrCrGaO/6/Compare_Energy/group08/FM
6,3,group09,AFM,Compare_Energy,-426.46252103,2.981;-2.944;2.958;-2.964;2.974;-2.994,3.0;-3.0;3.0;-3.0;3.0;-3.0,True,True,True,,True,/ix/gwang/yiy219/SrCrGaO/6/Compare_Energy/group09/AFM
6,3,group09,FM,Compare_Energy,-426.43270534,3.005;3.005;2.99;2.99;2.999;3.0,3.0;3.0;3.0;3.0;3.0;3.0,True,True,True,,False,/ix/gwang/yiy219/SrCrGaO/6/Compare_Energy/group09/FM
6,3,group10,AFM,Compare_Energy,-427.19379464,2.999;-2.961;2.964;-2.999;2.961;-2.963,3.0;-3.0;3.0;-3.0;3.0;-3.0,True,True,True,,True,/ix/gwang/yiy219/SrCrGaO/6/Compare_Energy/group10/AFM
6,3,group10,FM,Compare_Energy,-427.10557699,3.002;2.978;2.98;3.002;2.978;2.979,3.0;3.0;3.0;3.0;3.0;3.0,True,True,True,,False,/ix/gwang/yiy219/SrCrGaO/6/Compare_Energy/group10/FM
6,3,group11,AFM,Compare_Energy,-426.6563951,2.966;-2.96;2.965;-2.966;2.992;-2.975,3.0;-3.0;3.0;-3.0;3.0;-3.0,True,True,True,,True,/ix/gwang/yiy219/SrCrGaO/6/Compare_Energy/group11/AFM
6,3,group11,FM,Compare_Energy,-426.60132401,2.99;2.99;2.99;2.99;3.001;2.976,3.0;3.0;3.0;3.0;3.0;3.0,True,True,True,,False,/ix/gwang/yiy219/SrCrGaO/6/Compare_Energy/group11/FM
6,3,group12,AFM,Compare_Energy,-423.99478928,2.995;2.995;-2.992;-2.992;2.965;-3.137,3.0;3.0;-3.0;-3.0;3.0;-3.0,True,True,True,,False,/ix/gwang/yiy219/SrCrGaO/6/Compare_Energy/group12/AFM
6,3,group12,FM,Compare_Energy,-424.23682569,2.994;2.995;2.993;2.994;2.969;2.973,3.0;3.0;3.0;3.0;3.0;3.0,True,True,True,,True,/ix/gwang/yiy219/SrCrGaO/6/Compare_Energy/group12/FM
6,3,group13,AFM,Compare_Energy,-422.96714974,2.994;2.99;-2.991;-2.994;1.01;-1.01,3.0;3.0;-3.0;-3.0;3.0;-3.0,True,True,False,Cr_moment_outside_2.5_to_3.5_muB,False,/ix/gwang/yiy219/SrCrGaO/6/Compare_Energy/group13/AFM
6,3,group13,FM,Compare_Energy,-424.22433949,2.993;2.993;2.993;2.993;3.101;3.054,3.0;3.0;3.0;3.0;3.0;3.0,True,True,True,,True,/ix/gwang/yiy219/SrCrGaO/6/Compare_Energy/group13/FM
6,3,group14,AFM,Compare_Energy,-426.47824949,2.984;-2.984;2.978;-2.977;2.994;-2.994,3.0;-3.0;3.0;-3.0;3.0;-3.0,True,True,True,,True,/ix/gwang/yiy219/SrCrGaO/6/Compare_Energy/group14/AFM
6,3,group14,FM,Compare_Energy,-426.45178135,2.984;2.983;2.984;2.983;3.0;3.0,3.0;3.0;3.0;3.0;3.0;3.0,True,True,True,,False,/ix/gwang/yiy219/SrCrGaO/6/Compare_Energy/group14/FM
6,3,group15,AFM,Compare_Energy,-426.61532826,3.0;-2.999;2.983;-2.983;2.972;-2.971,3.0;-3.0;3.0;-3.0;3.0;-3.0,True,True,True,,True,/ix/gwang/yiy219/SrCrGaO/6/Compare_Energy/group15/AFM
6,3,group15,FM,Compare_Energy,-426.57018774,3.0;2.999;2.983;2.983;2.989;2.989,3.0;3.0;3.0;3.0;3.0;3.0,True,True,True,,False,/ix/gwang/yiy219/SrCrGaO/6/Compare_Energy/group15/FM
8,4,group01_all12k_pair12,AFM,Compare_Energy,-436.37459639,2.961;-2.961;2.961;-2.961;2.961;-2.961;2.961;-2.961,5.0;-5.0;5.0;-5.0;5.0;-5.0;5.0;-5.0,True,True,True,,True,/ix/gwang/yiy219/SrCrGaO/8/Compare_Energy/group01_all12k_pair12/AFM
8,4,group01_all12k_pair12,FM,Compare_Energy,-436.27924148,2.988;2.988;2.988;2.988;2.988;2.988;2.988;2.988,5.0;5.0;5.0;5.0;5.0;5.0;5.0;5.0,True,True,True,,False,/ix/gwang/yiy219/SrCrGaO/8/Compare_Energy/group01_all12k_pair12/FM
8,4,group02_all12k_pair13,AFM,Compare_Energy,-436.3229897,2.962;-2.963;2.962;-2.963;2.962;-2.963;2.962;-2.963,5.0;-5.0;5.0;-5.0;5.0;-5.0;5.0;-5.0,True,True,True,,True,/ix/gwang/yiy219/SrCrGaO/8/Compare_Energy/group02_all12k_pair13/AFM
8,4,group02_all12k_pair13,FM,Compare_Energy,-436.2614546,2.989;2.989;2.989;2.989;2.989;2.989;2.989;2.989,5.0;5.0;5.0;5.0;5.0;5.0;5.0;5.0,True,True,True,,False,/ix/gwang/yiy219/SrCrGaO/8/Compare_Energy/group02_all12k_pair13/FM
8,4,group03_all12k_pair23,AFM,Compare_Energy,-436.32298996,2.962;-2.963;2.962;-2.963;2.962;-2.963;2.962;-2.963,5.0;-5.0;5.0;-5.0;5.0;-5.0;5.0;-5.0,True,True,True,,True,/ix/gwang/yiy219/SrCrGaO/8/Compare_Energy/group03_all12k_pair23/AFM
8,4,group03_all12k_pair23,FM,Compare_Energy,-436.26145555,2.989;2.989;2.989;2.989;2.989;2.989;2.989;2.989,5.0;5.0;5.0;5.0;5.0;5.0;5.0;5.0,True,True,True,,False,/ix/gwang/yiy219/SrCrGaO/8/Compare_Energy/group03_all12k_pair23/FM
8,4,group04_12k2-6-10_f2-3-5,AFM,Compare_Energy,-436.28477644,2.968;2.968;-3.003;-3.003;2.988;2.988;-2.953;-2.998,5.0;5.0;-5.0;-5.0;5.0;5.0;-5.0;-5.0,True,True,True,,False,/ix/gwang/yiy219/SrCrGaO/8/Compare_Energy/group04_12k2-6-10_f2-3-5/AFM
8,4,group04_12k2-6-10_f2-3-5,FM,Compare_Energy,-436.31090331,3.005;3.005;3.003;3.003;2.988;2.988;3.001;3.0,5.0;5.0;5.0;5.0;5.0;5.0;5.0;5.0,True,True,True,,True,/ix/gwang/yiy219/SrCrGaO/8/Compare_Energy/group04_12k2-6-10_f2-3-5/FM
8,4,group05_12k2-6-10_f2-3_2a-8,AFM,Compare_Energy,-436.28439797,2.969;2.969;-2.989;-2.989;2.983;2.983;-2.954;-2.989,5.0;5.0;-5.0;-5.0;5.0;5.0;-5.0;-5.0,True,True,True,,False,/ix/gwang/yiy219/SrCrGaO/8/Compare_Energy/group05_12k2-6-10_f2-3_2a-8/AFM
8,4,group05_12k2-6-10_f2-3_2a-8,FM,Compare_Energy,-436.28664848,3.005;3.005;2.989;2.989;2.989;2.989;2.999;3.0,5.0;5.0;5.0;5.0;5.0;5.0;5.0;5.0,True,True,True,,True,/ix/gwang/yiy219/SrCrGaO/8/Compare_Energy/group05_12k2-6-10_f2-3_2a-8/FM
8,4,group06_12k2-6-10_2a,AFM,Compare_Energy,-436.32749315,2.984;2.984;-2.988;-2.988;2.983;2.983;-2.989;-2.987,5.0;5.0;-5.0;-5.0;5.0;5.0;-5.0;-5.0,True,True,True,,True,/ix/gwang/yiy219/SrCrGaO/8/Compare_Energy/group06_12k2-6-10_2a/AFM
8,4,group06_12k2-6-10_2a,FM,Compare_Energy,-436.27951646,2.989;2.989;2.988;2.988;2.989;2.989;3.0;2.999,5.0;5.0;5.0;5.0;5.0;5.0;5.0;5.0,True,True,True,,False,/ix/gwang/yiy219/SrCrGaO/8/Compare_Energy/group06_12k2-6-10_2a/FM
8,4,group07_allf2_2a_12k-layer2,AFM,Compare_Energy,-436.94070101,2.975;-2.945;2.961;-2.96;2.998;-2.963;2.96;-2.993,5.0;-5.0;5.0;-5.0;5.0;-5.0;5.0;-5.0,True,True,True,,True,/ix/gwang/yiy219/SrCrGaO/8/Compare_Energy/group07_allf2_2a_12k-layer2/AFM
8,4,group07_allf2_2a_12k-layer2,FM,Compare_Energy,-436.82488603,3.006;3.006;3.0;2.979;3.002;2.98;2.978;3.001,5.0;5.0;5.0;5.0;5.0;5.0;5.0;5.0,True,True,True,,False,/ix/gwang/yiy219/SrCrGaO/8/Compare_Energy/group07_allf2_2a_12k-layer2/FM
8,4,group08_allf2_2a_single12k-layers2-6,AFM,Compare_Energy,-436.91240208,2.959;-2.949;2.949;-2.959;2.994;-2.962;2.961;-2.994,5.0;-5.0;5.0;-5.0;5.0;-5.0;5.0;-5.0,True,True,True,,True,/ix/gwang/yiy219/SrCrGaO/8/Compare_Energy/group08_allf2_2a_single12k-layers2-6/AFM
8,4,group08_allf2_2a_single12k-layers2-6,FM,Compare_Energy,-436.82062672,3.001;2.989;2.989;3.001;3.003;2.978;2.978;3.003,5.0;5.0;5.0;5.0;5.0;5.0;5.0;5.0,True,True,True,,False,/ix/gwang/yiy219/SrCrGaO/8/Compare_Energy/group08_allf2_2a_single12k-layers2-6/FM
8,4,group09_allf2_2a_single12k-layers2-10,AFM,Compare_Energy,-436.9335096,2.959;-2.952;2.961;-2.993;2.959;-2.952;2.961;-2.993,5.0;-5.0;5.0;-5.0;5.0;-5.0;5.0;-5.0,True,True,True,,True,/ix/gwang/yiy219/SrCrGaO/8/Compare_Energy/group09_allf2_2a_single12k-layers2-10/AFM
8,4,group09_allf2_2a_single12k-layers2-10,FM,Compare_Energy,-436.83933636,3.001;2.99;2.978;3.001;3.001;2.99;2.978;3.001,5.0;5.0;5.0;5.0;5.0;5.0;5.0;5.0,True,True,True,,False,/ix/gwang/yiy219/SrCrGaO/8/Compare_Energy/group09_allf2_2a_single12k-layers2-10/FM
8,4,group10_allf2_one-per-12k-layer,AFM,Compare_Energy,-436.66777557,2.963;-2.949;2.949;-2.963;2.963;-2.949;2.949;-2.963,5.0;-5.0;5.0;-5.0;5.0;-5.0;5.0;-5.0,True,True,True,,True,/ix/gwang/yiy219/SrCrGaO/8/Compare_Energy/group10_allf2_one-per-12k-layer/AFM
8,4,group10_allf2_one-per-12k-layer,FM,Compare_Energy,-436.61980779,2.999;2.989;2.989;2.999;2.999;2.989;2.989;2.999,5.0;5.0;5.0;5.0;5.0;5.0;5.0;5.0,True,True,True,,False,/ix/gwang/yiy219/SrCrGaO/8/Compare_Energy/group10_allf2_one-per-12k-layer/FM
8,4,group11_allf1_one-per-12k-layer,AFM,Compare_Energy,-431.6634404,2.961;-2.97;2.97;-2.961;2.961;-2.97;2.97;-2.961,5.0;-5.0;5.0;-5.0;5.0;-5.0;5.0;-5.0,True,True,True,,False,/ix/gwang/yiy219/SrCrGaO/8/Compare_Energy/group11_allf1_one-per-12k-layer/AFM
8,4,group11_allf1_one-per-12k-layer,FM,Compare_Energy,-431.75066883,3.005;2.99;2.986;3.023;3.005;2.99;2.986;3.023,5.0;5.0;5.0;5.0;5.0;5.0;5.0;5.0,True,True,True,,True,/ix/gwang/yiy219/SrCrGaO/8/Compare_Energy/group11_allf1_one-per-12k-layer/FM
8,4,group12_2b_f2-3-5_12k-layers2-6,AFM,Compare_Energy,-434.36216317,2.978;-2.945;2.93;-2.87;2.93;2.978;-2.945;-2.927,5.0;-5.0;5.0;-5.0;5.0;5.0;-5.0;-5.0,True,True,True,,False,/ix/gwang/yiy219/SrCrGaO/8/Compare_Energy/group12_2b_f2-3-5_12k-layers2-6/AFM
8,4,group12_2b_f2-3-5_12k-layers2-6,FM,Compare_Energy,-434.40053821,3.008;3.008;3.04;2.979;3.04;3.008;3.008;2.927,5.0;5.0;5.0;5.0;5.0;5.0;5.0;5.0,True,True,True,,True,/ix/gwang/yiy219/SrCrGaO/8/Compare_Energy/group12_2b_f2-3-5_12k-layers2-6/FM
8,4,group13_pairs2-6-14_single10_2a-8,AFM,Compare_Energy,-436.38373689,2.96;-2.96;2.963;-2.958;2.987;-2.978;2.962;-2.962,5.0;-5.0;5.0;-5.0;5.0;-5.0;5.0;-5.0,True,True,True,,True,/ix/gwang/yiy219/SrCrGaO/8/Compare_Energy/group13_pairs2-6-14_single10_2a-8/AFM
8,4,group13_pairs2-6-14_single10_2a-8,FM,Compare_Energy,-436.28570126,2.988;2.988;2.989;2.989;3.0;2.983;2.988;2.989,5.0;5.0;5.0;5.0;5.0;5.0;5.0;5.0,True,True,True,,False,/ix/gwang/yiy219/SrCrGaO/8/Compare_Energy/group13_pairs2-6-14_single10_2a-8/FM
8,4,group14_pairs2-6-14_single10_f2-3,AFM,Compare_Energy,-436.37786614,2.977;-2.941;2.973;2.963;-2.963;-2.983;2.962;-2.962,5.0;-5.0;5.0;5.0;-5.0;-5.0;5.0;-5.0,True,True,True,,True,/ix/gwang/yiy219/SrCrGaO/8/Compare_Energy/group14_pairs2-6-14_single10_f2-3/AFM
8,4,group14_pairs2-6-14_single10_f2-3,FM,Compare_Energy,-436.31694732,3.004;3.004;2.998;2.989;2.99;2.983;2.988;2.989,5.0;5.0;5.0;5.0;5.0;5.0;5.0;5.0,True,True,True,,False,/ix/gwang/yiy219/SrCrGaO/8/Compare_Energy/group14_pairs2-6-14_single10_f2-3/FM
8,4,group15_allf2_2a_12k-layer6,AFM,Compare_Energy,-436.94057733,2.96;-2.96;2.945;-2.975;2.992;-2.96;2.963;-2.998,5.0;-5.0;5.0;-5.0;5.0;-5.0;5.0;-5.0,True,True,True,,True,/ix/gwang/yiy219/SrCrGaO/8/Compare_Energy/group15_allf2_2a_12k-layer6/AFM
8,4,group15_allf2_2a_12k-layer6,FM,Compare_Energy,-436.82487961,2.979;3.0;3.005;3.005;3.001;2.978;2.98;3.002,5.0;5.0;5.0;5.0;5.0;5.0;5.0;5.0,True,True,True,,False,/ix/gwang/yiy219/SrCrGaO/8/Compare_Energy/group15_allf2_2a_12k-layer6/FM
8,4,group16_allf2_2a_12k-layer10,AFM,Compare_Energy,-436.94069963,2.963;-2.96;2.993;2.945;-2.975;-2.961;2.96;-2.998,5.0;-5.0;5.0;5.0;-5.0;-5.0;5.0;-5.0,True,True,True,,True,/ix/gwang/yiy219/SrCrGaO/8/Compare_Energy/group16_allf2_2a_12k-layer10/AFM
8,4,group16_allf2_2a_12k-layer10,FM,Compare_Energy,-436.82488488,2.98;2.978;3.001;3.006;3.006;3.0;2.979;3.002,5.0;5.0;5.0;5.0;5.0;5.0;5.0;5.0,True,True,True,,False,/ix/gwang/yiy219/SrCrGaO/8/Compare_Energy/group16_allf2_2a_12k-layer10/FM
10,5,group01,AFM,Compare_Energy,-446.31851145,2.98;-2.944;-2.98;2.943;2.964;-2.964;-2.963;2.963;2.957;-2.957,3.0;-3.0;-3.0;3.0;3.0;-3.0;-3.0;3.0;3.0;-3.0,True,True,True,,True,/ix/gwang/yiy219/SrCrGaO/10/Compare_Energy/group01/AFM
10,5,group01,FM,Compare_Energy,-446.2061479,3.005;3.005;3.005;3.005;2.989;2.989;2.989;2.989;3.001;3.001,3.0;3.0;3.0;3.0;3.0;3.0;3.0;3.0;3.0;3.0,True,True,True,,False,/ix/gwang/yiy219/SrCrGaO/10/Compare_Energy/group01/FM
10,5,group02,AFM,Compare_Energy,-446.30289281,2.963;-2.964;-2.979;2.943;2.964;-2.963;-2.943;2.979;2.974;-2.974,3.0;-3.0;-3.0;3.0;3.0;-3.0;-3.0;3.0;3.0;-3.0,True,True,True,,True,/ix/gwang/yiy219/SrCrGaO/10/Compare_Energy/group02/AFM
10,5,group02,FM,Compare_Energy,-446.23926324,2.99;2.99;3.004;3.004;2.989;2.989;3.004;3.004;2.999;2.999,3.0;3.0;3.0;3.0;3.0;3.0;3.0;3.0;3.0;3.0,True,True,True,,False,/ix/gwang/yiy219/SrCrGaO/10/Compare_Energy/group02/FM
10,5,group03,AFM,Compare_Energy,-446.26301264,2.964;-2.958;-2.964;2.958;2.958;-2.964;-2.958;2.964;2.989;-2.989,3.0;-3.0;-3.0;3.0;3.0;-3.0;-3.0;3.0;3.0;-3.0,True,True,True,,True,/ix/gwang/yiy219/SrCrGaO/10/Compare_Energy/group03/AFM
10,5,group03,FM,Compare_Energy,-446.12526177,2.99;2.99;2.989;2.99;2.989;2.989;2.989;2.989;3.001;3.001,3.0;3.0;3.0;3.0;3.0;3.0;3.0;3.0;3.0;3.0,True,True,True,,False,/ix/gwang/yiy219/SrCrGaO/10/Compare_Energy/group03/FM
10,5,group04,AFM,Compare_Energy,-444.24832414,2.974;-0.989;-2.963;2.964;1.0;-2.963;-2.964;2.959;2.992;-2.983,3.0;-3.0;-3.0;3.0;3.0;-3.0;-3.0;3.0;3.0;-3.0,True,True,False,Cr_moment_outside_2.5_to_3.5_muB,False,/ix/gwang/yiy219/SrCrGaO/10/Compare_Energy/group04/AFM
10,5,group04,FM,Compare_Energy,-446.17802699,3.005;3.005;2.989;2.989;2.989;2.989;2.989;2.989;2.999;3.002,3.0;3.0;3.0;3.0;3.0;3.0;3.0;3.0;3.0;3.0,True,True,True,,True,/ix/gwang/yiy219/SrCrGaO/10/Compare_Energy/group04/FM
10,5,group05,AFM,Compare_Energy,-444.24785131,2.964;-2.963;1.019;2.99;2.959;-2.964;-1.005;-2.971;2.998;-2.984,3.0;-3.0;-3.0;3.0;3.0;-3.0;-3.0;3.0;3.0;-3.0,True,True,False,Cr_moment_outside_2.5_to_3.5_muB;Cr_sign_pattern_changed_from_MAGMOM,False,/ix/gwang/yiy219/SrCrGaO/10/Compare_Energy/group05/AFM
10,5,group05,FM,Compare_Energy,-446.17832131,2.989;2.989;3.005;3.005;2.989;2.989;2.989;2.989;2.999;3.002,3.0;3.0;3.0;3.0;3.0;3.0;3.0;3.0;3.0;3.0,True,True,True,,True,/ix/gwang/yiy219/SrCrGaO/10/Compare_Energy/group05/FM
10,5,group06,AFM,Compare_Energy,-446.27546944,-2.962;2.962;-2.964;2.958;2.974;-2.944;-2.962;2.963;2.974;-2.989,3.0;-3.0;-3.0;3.0;3.0;-3.0;-3.0;3.0;3.0;-3.0,True,True,False,Cr_sign_pattern_changed_from_MAGMOM,False,/ix/gwang/yiy219/SrCrGaO/10/Compare_Energy/group06/AFM
10,5,group06,FM,Compare_Energy,-446.17799802,2.989;2.989;2.99;2.99;3.005;3.005;2.989;2.989;2.999;3.002,3.0;3.0;3.0;3.0;3.0;3.0;3.0;3.0;3.0;3.0,False,False,False,OUTCAR_not_finished;ionic_not_converged,False,/ix/gwang/yiy219/SrCrGaO/10/Compare_Energy/group06/FM
10,5,group07,AFM,Compare_Energy,-444.24553215,2.959;-2.964;1.001;-2.962;2.963;-2.962;-0.986;2.974;2.992;-2.984,3.0;-3.0;-3.0;3.0;3.0;-3.0;-3.0;3.0;3.0;-3.0,True,True,False,Cr_moment_outside_2.5_to_3.5_muB;Cr_sign_pattern_changed_from_MAGMOM,False,/ix/gwang/yiy219/SrCrGaO/10/Compare_Energy/group07/AFM
10,5,group07,FM,Compare_Energy,-446.17833793,2.99;2.99;2.989;2.989;2.989;2.989;3.005;3.005;2.999;3.002,3.0;3.0;3.0;3.0;3.0;3.0;3.0;3.0;3.0;3.0,True,True,True,,True,/ix/gwang/yiy219/SrCrGaO/10/Compare_Energy/group07/FM
10,5,group08,AFM,Compare_Energy,-444.38265269,2.962;-2.968;-2.968;2.962;2.968;-2.961;-2.961;2.968;2.926;-2.926,3.0;-3.0;-3.0;3.0;3.0;-3.0;-3.0;3.0;3.0;-3.0,True,True,True,,True,/ix/gwang/yiy219/SrCrGaO/10/Compare_Energy/group08/AFM
10,5,group08,FM,Compare_Energy,-444.30519911,2.993;2.992;2.993;2.993;2.992;2.992;2.992;2.992;2.945;2.945,3.0;3.0;3.0;3.0;3.0;3.0;3.0;3.0;3.0;3.0,True,True,True,,False,/ix/gwang/yiy219/SrCrGaO/10/Compare_Energy/group08/FM
10,5,group09,AFM,Compare_Energy,-443.79672762,2.943;-2.964;-2.958;2.968;2.962;-2.942;-2.967;2.957;2.967;-2.966,3.0;-3.0;-3.0;3.0;3.0;-3.0;-3.0;3.0;3.0;-3.0,True,True,True,,True,/ix/gwang/yiy219/SrCrGaO/10/Compare_Energy/group09/AFM
10,5,group09,FM,Compare_Energy,-443.49655755,2.983;2.983;2.993;2.992;2.996;2.993;2.993;2.993;3.031;3.195,3.0;3.0;3.0;3.0;3.0;3.0;3.0;3.0;3.0;3.0,True,True,True,,False,/ix/gwang/yiy219/SrCrGaO/10/Compare_Energy/group09/FM
10,5,group10,AFM,Compare_Energy,-442.57653451,3.014;-2.951;-2.965;2.965;-1.003;-2.973;-2.968;2.993;3.741;0.007,3.0;-3.0;-3.0;3.0;3.0;-3.0;-3.0;3.0;3.0;-3.0,True,True,False,Cr_moment_outside_2.5_to_3.5_muB;Cr_sign_pattern_changed_from_MAGMOM,False,/ix/gwang/yiy219/SrCrGaO/10/Compare_Energy/group10/AFM
10,5,group10,FM,Compare_Energy,-444.20473024,3.009;3.01;2.992;2.992;2.987;2.988;2.996;3.002;3.455;2.668,3.0;3.0;3.0;3.0;3.0;3.0;3.0;3.0;3.0;3.0,True,True,True,,True,/ix/gwang/yiy219/SrCrGaO/10/Compare_Energy/group10/FM
10,5,group11,AFM,Compare_Energy,-446.68045976,2.981;-2.939;-2.981;2.939;2.959;-2.959;2.962;-2.961;2.994;-2.994,3.0;-3.0;-3.0;3.0;3.0;-3.0;3.0;-3.0;3.0;-3.0,True,True,True,,True,/ix/gwang/yiy219/SrCrGaO/10/Compare_Energy/group11/AFM
10,5,group11,FM,Compare_Energy,-446.54615638,3.006;3.006;3.006;3.006;3.001;3.001;2.979;2.979;3.002;3.002,3.0;3.0;3.0;3.0;3.0;3.0;3.0;3.0;3.0;3.0,True,True,True,,False,/ix/gwang/yiy219/SrCrGaO/10/Compare_Energy/group11/FM
10,5,group12,AFM,Compare_Energy,-446.72106299,2.982;-2.94;2.976;-2.946;2.962;-2.96;2.961;-2.96;2.993;-2.995,3.0;-3.0;3.0;-3.0;3.0;-3.0;3.0;-3.0;3.0;-3.0,True,True,True,,True,/ix/gwang/yiy219/SrCrGaO/10/Compare_Energy/group12/AFM
10,5,group12,FM,Compare_Energy,-446.57716976,3.006;3.006;3.006;3.006;3.001;2.979;3.001;2.979;3.001;3.001,3.0;3.0;3.0;3.0;3.0;3.0;3.0;3.0;3.0;3.0,True,True,True,,False,/ix/gwang/yiy219/SrCrGaO/10/Compare_Energy/group12/FM
10,5,group13,AFM,Compare_Energy,-444.56449621,2.981;-2.945;-2.974;2.939;2.959;-2.961;2.961;-2.96;-1.002;1.002,3.0;-3.0;-3.0;3.0;3.0;-3.0;3.0;-3.0;3.0;-3.0,True,True,False,Cr_moment_outside_2.5_to_3.5_muB;Cr_sign_pattern_changed_from_MAGMOM,False,/ix/gwang/yiy219/SrCrGaO/10/Compare_Energy/group13/AFM
10,5,group13,FM,Compare_Energy,-446.52951049,3.005;3.005;3.005;3.005;3.0;2.98;2.98;3.0;3.003;3.002,3.0;3.0;3.0;3.0;3.0;3.0;3.0;3.0;3.0;3.0,True,True,True,,True,/ix/gwang/yiy219/SrCrGaO/10/Compare_Energy/group13/FM
10,5,group14,AFM,Compare_Energy,-446.50981074,2.981;-2.945;-2.979;2.943;2.981;-2.944;2.959;-2.957;2.96;-2.96,3.0;-3.0;-3.0;3.0;3.0;-3.0;3.0;-3.0;3.0;-3.0,True,True,True,,True,/ix/gwang/yiy219/SrCrGaO/10/Compare_Energy/group14/AFM
10,5,group14,FM,Compare_Energy,-446.3869885,3.006;3.006;3.004;3.004;3.005;3.005;3.002;3.0;3.0;2.979,3.0;3.0;3.0;3.0;3.0;3.0;3.0;3.0;3.0;3.0,True,True,True,,False,/ix/gwang/yiy219/SrCrGaO/10/Compare_Energy/group14/FM
10,5,group15,AFM,Compare_Energy,-446.51011862,-2.981;2.944;2.978;-2.943;-2.981;2.945;2.96;-2.96;2.957;-2.958,-3.0;3.0;3.0;-3.0;-3.0;3.0;3.0;-3.0;3.0;-3.0,True,True,True,,True,/ix/gwang/yiy219/SrCrGaO/10/Compare_Energy/group15/AFM
10,5,group15,FM,Compare_Energy,-446.3872468,3.005;3.005;3.004;3.004;3.006;3.006;2.979;3.0;3.0;3.001,3.0;3.0;3.0;3.0;3.0;3.0;3.0;3.0;3.0;3.0,True,True,True,,False,/ix/gwang/yiy219/SrCrGaO/10/Compare_Energy/group15/FM
