晶胞内Cr数,化学式x值,构型,数据来源类别,候选计算数,FM和AFM均有计算,FM总能量（eV）,FM有效,AFM总能量（eV）,AFM有效,选中磁态,选中总能量（eV）,结果
2,1,group10_2a_layer16__2b_layer12,Compare_Energy,2,True,-405.65597947,True,-405.80953449,True,AFM,-405.80953449,已选中
2,1,group11_4f1_layer15__4f2_layer13,Compare_Energy,2,True,-405.48686053,True,-405.72430899,True,AFM,-405.72430899,已选中
2,1,group12_2a_layer8__12k_layer2_1,Compare_Energy,2,True,-406.65742046,True,-405.61708639,False,FM,-406.65742046,已选中
2,1,group13_12k_layer2_1__layer2_2,Compare_Energy,2,True,-406.59619963,True,-405.58021215,False,FM,-406.59619963,已选中
2,1,group1_layer2_2__layer10_1,Compare_Energy,2,True,-406.61593593,True,-406.61593147,False,FM,-406.61593593,已选中
2,1,group2_2a_layer16__2a_layer8,Compare_Energy,2,True,-406.70058178,True,-405.63334911,False,FM,-406.70058178,已选中
2,1,group3_2b_layer12__2b_layer4,Compare_Energy,2,True,-404.59130821,True,-404.76096018,False,FM,-404.59130821,已选中
2,1,group4_4f1_layer15__4f1_layer9,Compare_Energy,2,True,-404.5817305,True,-404.58312295,False,FM,-404.5817305,已选中
2,1,group5_4f1_layer7__4f1_layer1,Compare_Energy,2,True,-404.58168971,True,-404.58198207,False,FM,-404.58168971,已选中
2,1,group6_4f2_layer13__4f2_layer5,Compare_Energy,2,True,-406.92781596,True,-406.92776972,False,FM,-406.92781596,已选中
2,1,group7_4f2_layer11__4f2_layer3,Compare_Energy,2,True,-406.92750995,True,-406.92751421,False,FM,-406.92750995,已选中
2,1,group8_layer6_1__layer14_3,Compare_Energy,2,True,-406.61584357,True,-405.58903112,False,FM,-406.61584357,已选中
2,1,group9_layer2_1__layer10_2,Compare_Energy,2,True,-406.61596105,True,-406.61596955,False,FM,-406.61596105,已选中
4,2,group01,Compare_Energy,2,True,-416.51009175,True,-416.51185286,True,AFM,-416.51185286,已选中
4,2,group02,Compare_Energy,2,True,-416.52264824,True,-416.52227944,True,FM,-416.52264824,已选中
4,2,group03,Compare_Energy,2,True,-416.50642211,True,-416.52827899,True,AFM,-416.52827899,已选中
4,2,group04,Compare_Energy,2,True,-417.08409238,True,-417.17169625,True,AFM,-417.17169625,已选中
4,2,group05,Compare_Energy,2,True,-416.89731996,True,-416.94191661,True,AFM,-416.94191661,已选中
4,2,group06,Compare_Energy,2,True,-416.95062287,True,-414.84456331,False,FM,-416.95062287,已选中
4,2,group07,Compare_Energy,2,True,-416.57753777,True,-414.54728927,False,FM,-416.57753777,已选中
4,2,group08,Compare_Energy,2,True,-416.59782056,True,-416.59780452,True,FM,-416.59782056,已选中
4,2,group09_case1,Compare_Energy,2,True,-416.77003017,True,-414.66796054,False,FM,-416.77003017,已选中
4,2,group09_case2,Compare_Energy,2,True,-416.76492627,True,-416.76448018,True,FM,-416.76492627,已选中
4,2,group10_case1,Compare_Energy,2,True,-416.66056929,True,-416.66254445,True,AFM,-416.66254445,已选中
4,2,group10_case2,Compare_Energy,2,True,-416.65624444,True,-414.59740128,False,FM,-416.65624444,已选中
4,2,group11,Compare_Energy,2,True,,False,-414.94751385,False,,,两种磁态均无效
4,2,group12,Compare_Energy,2,True,-414.57320165,True,-414.57504566,True,AFM,-414.57504566,已选中
4,2,group13,Compare_Energy,2,True,-413.1133265,False,-413.0987343,False,,,两种磁态均无效
4,2,group14,Compare_Energy,2,True,-414.40429113,True,-414.39382626,True,FM,-414.40429113,已选中
4,2,group15,Compare_Energy,2,True,-414.4741629,True,-414.47412824,True,FM,-414.4741629,已选中
4,2,group16,Compare_Energy,2,True,-411.36629363,True,-411.26172331,True,FM,-411.36629363,已选中
4,2,group17,Compare_Energy,2,True,-414.71532569,True,-414.45129029,True,FM,-414.71532569,已选中
6,3,group01,Compare_Energy,2,True,-426.39856809,True,-426.45611636,True,AFM,-426.45611636,已选中
6,3,group02,Compare_Energy,2,True,-426.40206274,True,-424.43009929,False,FM,-426.40206274,已选中
6,3,group03,Compare_Energy,2,True,-426.39562422,True,-426.44790827,True,AFM,-426.44790827,已选中
6,3,group04,Compare_Energy,2,True,-426.39875017,True,-426.4562611,True,AFM,-426.4562611,已选中
6,3,group05,Compare_Energy,2,True,-426.39856747,True,-424.40608004,False,FM,-426.39856747,已选中
6,3,group06,Compare_Energy,2,True,-426.4121175,True,-424.38629188,False,FM,-426.4121175,已选中
6,3,group07,Compare_Energy,2,True,-426.41028276,True,-426.46598877,False,FM,-426.41028276,已选中
6,3,group08,Compare_Energy,2,True,-426.40897207,True,-426.46133363,True,AFM,-426.46133363,已选中
6,3,group09,Compare_Energy,2,True,-426.43270534,True,-426.46252103,True,AFM,-426.46252103,已选中
6,3,group10,Compare_Energy,2,True,-427.10557699,True,-427.19379464,True,AFM,-427.19379464,已选中
6,3,group11,Compare_Energy,2,True,-426.60132401,True,-426.6563951,True,AFM,-426.6563951,已选中
6,3,group12,Compare_Energy,2,True,-424.23682569,True,-423.99478928,True,FM,-424.23682569,已选中
6,3,group13,Compare_Energy,2,True,-424.22433949,True,-422.96714974,False,FM,-424.22433949,已选中
6,3,group14,Compare_Energy,2,True,-426.45178135,True,-426.47824949,True,AFM,-426.47824949,已选中
6,3,group15,Compare_Energy,2,True,-426.57018774,True,-426.61532826,True,AFM,-426.61532826,已选中
8,4,group01_all12k_pair12,Compare_Energy,2,True,-436.27924148,True,-436.37459639,True,AFM,-436.37459639,已选中
8,4,group02_all12k_pair13,Compare_Energy,2,True,-436.2614546,True,-436.3229897,True,AFM,-436.3229897,已选中
8,4,group03_all12k_pair23,Compare_Energy,2,True,-436.26145555,True,-436.32298996,True,AFM,-436.32298996,已选中
8,4,group04_12k2-6-10_f2-3-5,Compare_Energy,2,True,-436.31090331,True,-436.28477644,True,FM,-436.31090331,已选中
8,4,group05_12k2-6-10_f2-3_2a-8,Compare_Energy,2,True,-436.28664848,True,-436.28439797,True,FM,-436.28664848,已选中
8,4,group06_12k2-6-10_2a,Compare_Energy,2,True,-436.27951646,True,-436.32749315,True,AFM,-436.32749315,已选中
8,4,group07_allf2_2a_12k-layer2,Compare_Energy,2,True,-436.82488603,True,-436.94070101,True,AFM,-436.94070101,已选中
8,4,group08_allf2_2a_single12k-layers2-6,Compare_Energy,2,True,-436.82062672,True,-436.91240208,True,AFM,-436.91240208,已选中
8,4,group09_allf2_2a_single12k-layers2-10,Compare_Energy,2,True,-436.83933636,True,-436.9335096,True,AFM,-436.9335096,已选中
8,4,group10_allf2_one-per-12k-layer,Compare_Energy,2,True,-436.61980779,True,-436.66777557,True,AFM,-436.66777557,已选中
8,4,group11_allf1_one-per-12k-layer,Compare_Energy,2,True,-431.75066883,True,-431.6634404,True,FM,-431.75066883,已选中
8,4,group12_2b_f2-3-5_12k-layers2-6,Compare_Energy,2,True,-434.40053821,True,-434.36216317,True,FM,-434.40053821,已选中
8,4,group13_pairs2-6-14_single10_2a-8,Compare_Energy,2,True,-436.28570126,True,-436.38373689,True,AFM,-436.38373689,已选中
8,4,group14_pairs2-6-14_single10_f2-3,Compare_Energy,2,True,-436.31694732,True,-436.37786614,True,AFM,-436.37786614,已选中
8,4,group15_allf2_2a_12k-layer6,Compare_Energy,2,True,-436.82487961,True,-436.94057733,True,AFM,-436.94057733,已选中
8,4,group16_allf2_2a_12k-layer10,Compare_Energy,2,True,-436.82488488,True,-436.94069963,True,AFM,-436.94069963,已选中
10,5,group01,Compare_Energy,2,True,-446.2061479,True,-446.31851145,True,AFM,-446.31851145,已选中
10,5,group02,Compare_Energy,2,True,-446.23926324,True,-446.30289281,True,AFM,-446.30289281,已选中
10,5,group03,Compare_Energy,2,True,-446.12526177,True,-446.26301264,True,AFM,-446.26301264,已选中
10,5,group04,Compare_Energy,2,True,-446.17802699,True,-444.24832414,False,FM,-446.17802699,已选中
10,5,group05,Compare_Energy,2,True,-446.17832131,True,-444.24785131,False,FM,-446.17832131,已选中
10,5,group06,Compare_Energy,2,True,-446.17799802,False,-446.27546944,False,,,两种磁态均无效
10,5,group07,Compare_Energy,2,True,-446.17833793,True,-444.24553215,False,FM,-446.17833793,已选中
10,5,group08,Compare_Energy,2,True,-444.30519911,True,-444.38265269,True,AFM,-444.38265269,已选中
10,5,group09,Compare_Energy,2,True,-443.49655755,True,-443.79672762,True,AFM,-443.79672762,已选中
10,5,group10,Compare_Energy,2,True,-444.20473024,True,-442.57653451,False,FM,-444.20473024,已选中
10,5,group11,Compare_Energy,2,True,-446.54615638,True,-446.68045976,True,AFM,-446.68045976,已选中
10,5,group12,Compare_Energy,2,True,-446.57716976,True,-446.72106299,True,AFM,-446.72106299,已选中
10,5,group13,Compare_Energy,2,True,-446.52951049,True,-444.56449621,False,FM,-446.52951049,已选中
10,5,group14,Compare_Energy,2,True,-446.3869885,True,-446.50981074,True,AFM,-446.50981074,已选中
10,5,group15,Compare_Energy,2,True,-446.3872468,True,-446.51011862,True,AFM,-446.51011862,已选中
