晶胞Cr数,构型,单键种类数,单键数量,M-O-M种类数,M-O-M路径数量,Sr-O种类数,Sr-O数量,Ga-O种类数,Ga-O数量,Cr-O种类数,Cr-O数量,Sr-O-Sr种类数,Sr-O-Sr数量,Sr-O-Ga种类数,Sr-O-Ga数量,Sr-O-Cr种类数,Sr-O-Cr数量,Ga-O-Ga种类数,Ga-O-Ga数量,Ga-O-Cr种类数,Ga-O-Cr数量,Cr-O-Cr种类数,Cr-O-Cr数量,新bulk_Cr占位Ga编号
2,group10_2a_layer16__2b_layer12,16,152,21,228,2,18,11,123,3,11,0,0,4,51,1,3,12,144,4,30,0,0,10;14
2,group11_4f1_layer15__4f2_layer13,17,152,24,228,2,18,11,124,4,10,0,0,4,48,2,6,12,150,6,24,0,0,23;24
2,group12_2a_layer8__12k_layer2_1,18,152,28,228,2,18,11,122,5,12,0,0,4,52,1,2,12,140,11,34,0,0,13;15
2,group13_12k_layer2_1__layer2_2,17,152,30,228,2,18,11,122,4,12,0,0,4,50,1,4,12,146,9,24,4,4,4;13
2,group1_layer2_2__layer10_1,17,152,26,228,2,18,11,122,4,12,0,0,4,50,1,4,12,142,9,32,0,0,4;12
2,group2_2a_layer16__2a_layer8,13,152,16,228,2,18,10,122,1,12,0,0,4,54,0,0,10,138,2,36,0,0,10;15
2,group3_2b_layer12__2b_layer4,13,152,16,228,2,18,9,124,2,10,0,0,3,48,1,6,10,150,2,24,0,0,14;16
2,group4_4f1_layer15__4f1_layer9,15,152,19,228,2,18,11,126,2,8,0,0,4,54,0,0,12,150,3,24,0,0,17;24
2,group5_4f1_layer7__4f1_layer1,15,152,19,228,2,18,11,126,2,8,0,0,4,54,0,0,12,150,3,24,0,0,20;22
2,group6_4f2_layer13__4f2_layer5,15,152,20,228,2,18,11,122,2,12,0,0,4,42,2,12,11,150,3,24,0,0,21;23
2,group7_4f2_layer11__4f2_layer3,15,152,20,228,2,18,11,122,2,12,0,0,4,42,2,12,11,150,3,24,0,0,18;19
2,group8_layer6_1__layer14_3,17,152,26,228,2,18,11,122,4,12,0,0,4,50,1,4,12,142,9,32,0,0,5;8
2,group9_layer2_1__layer10_2,17,152,26,228,2,18,11,122,4,12,0,0,4,50,1,4,12,142,9,32,0,0,6;13
4,group01,17,152,26,228,2,18,11,110,4,24,0,0,4,46,1,8,12,110,9,64,0,0,4;6;7;9
4,group02,17,152,26,228,2,18,11,110,4,24,0,0,4,46,1,8,12,110,9,64,0,0,1;3;4;6
4,group03,17,152,30,228,2,18,11,110,4,24,0,0,4,46,1,8,12,114,9,56,4,4,2;7;8;11
4,group04,13,152,16,228,2,18,9,110,2,24,0,0,2,30,2,24,9,132,2,36,1,6,18;19;21;23
4,group05,15,152,21,228,2,18,10,110,3,24,0,0,4,42,2,12,10,117,4,54,1,3,10;15;18;23
4,group06,15,152,20,228,2,18,10,110,3,24,0,0,4,42,2,12,9,114,5,60,0,0,10;15;18;21
4,group07,17,152,30,228,2,18,10,110,5,24,0,0,4,50,1,4,10,114,10,52,5,8,7;8;10;15
4,group08,17,152,26,228,2,18,10,110,5,24,0,0,4,50,1,4,10,110,10,60,1,4,2;10;12;15
4,group09_case1,19,152,31,228,2,18,10,110,7,24,0,0,4,46,3,8,10,112,13,60,1,2,7;10;15;23
4,group09_case2,19,152,31,228,2,18,10,110,7,24,0,0,4,46,3,8,10,112,13,60,1,2,10;11;15;21
4,group10_case1,20,152,35,228,2,18,11,110,7,24,0,0,4,44,3,10,12,116,14,54,2,4,6;10;13;18
4,group10_case2,20,152,35,228,2,18,11,110,7,24,0,0,4,44,3,10,12,116,14,54,2,4,1;9;15;21
4,group12,13,152,16,228,2,18,8,112,3,22,0,0,3,48,1,6,8,114,4,60,0,0,10;14;15;16
4,group14,17,152,26,228,2,18,9,112,6,22,0,0,3,44,2,10,10,120,10,52,1,2,11;13;14;16
4,group15,15,152,19,228,2,18,10,114,3,20,0,0,4,54,0,0,10,120,4,48,1,6,10;15;20;24
4,group16,13,152,16,228,2,18,9,118,2,16,0,0,4,54,0,0,9,126,3,48,0,0,17;20;22;24
4,group17,22,152,34,228,2,18,11,113,9,21,0,0,4,49,2,5,12,120,14,50,2,4,5;14;15;17
6,group01,17,152,30,228,2,18,11,98,4,36,0,0,4,42,1,12,12,90,9,72,4,12,4;6;7;8;12;13
6,group02,17,152,30,228,2,18,11,98,4,36,0,0,4,42,1,12,12,90,9,72,4,12,1;2;8;11;12;13
6,group03,17,152,30,228,2,18,11,98,4,36,0,0,4,42,1,12,12,90,9,72,4,12,1;2;4;6;7;11
6,group04,17,152,30,228,2,18,11,98,4,36,0,0,4,42,1,12,12,90,9,72,4,12,3;4;7;8;9;13
6,group05,17,152,30,228,2,18,11,98,4,36,0,0,4,42,1,12,12,90,9,72,4,12,3;4;6;9;12;13
6,group06,17,152,30,228,2,18,10,98,5,36,0,0,4,46,1,8,10,90,10,68,5,16,6;7;8;10;12;15
6,group07,17,152,30,228,2,18,10,98,5,36,0,0,4,46,1,8,10,90,10,68,5,16,1;6;7;10;11;15
6,group08,19,152,35,228,2,18,11,98,6,36,0,0,4,34,3,20,12,105,10,50,6,19,4;7;8;13;19;21
6,group09,20,152,39,228,2,18,11,98,7,36,0,0,4,40,3,14,12,96,14,62,6,16,1;2;4;7;15;19
6,group10,13,152,16,228,2,18,8,98,3,36,0,0,2,30,2,24,7,96,4,72,1,6,10;15;18;19;21;23
6,group11,20,152,38,228,2,18,11,98,7,36,0,0,4,40,3,14,12,92,14,70,5,12,3;7;8;9;15;18
6,group12,19,152,33,228,2,18,11,102,6,32,0,0,4,46,1,8,12,98,11,64,5,12,4;7;8;13;17;24
6,group13,17,152,30,228,2,18,9,100,6,34,0,0,3,40,2,14,10,98,10,64,5,12,4;7;8;13;14;16
6,group14,17,152,26,228,2,18,10,98,5,36,0,0,4,46,1,8,10,82,10,84,1,8,3;8;10;12;13;15
6,group15,19,152,32,228,2,18,11,98,6,36,0,0,4,34,3,20,12,93,11,74,2,7,4;6;7;9;19;21
8,group01_all12k_pair12,17,152,26,228,2,18,11,86,4,48,0,0,4,38,1,16,8,62,9,96,4,16,3;4;6;7;8;9;12;13
8,group02_all12k_pair13,17,152,26,228,2,18,11,86,4,48,0,0,4,38,1,16,8,62,9,96,4,16,1;2;3;5;8;11;12;13
8,group03_all12k_pair23,17,152,26,228,2,18,11,86,4,48,0,0,4,38,1,16,8,62,9,96,4,16,1;2;4;5;6;7;9;11
8,group04_12k2-6-10_f2-3-5,19,152,36,228,2,18,11,86,6,48,0,0,4,30,3,24,12,77,11,74,6,23,4;6;7;8;12;13;19;21
8,group05_12k2-6-10_f2-3_2a-8,20,152,39,228,2,18,11,86,7,48,0,0,4,36,3,18,12,72,14,78,6,24,4;6;7;8;12;13;15;19
8,group06_12k2-6-10_2a,17,152,30,228,2,18,10,86,5,48,0,0,4,42,1,12,10,66,10,84,5,24,4;6;7;8;10;12;13;15
8,group07_allf2_2a_12k-layer2,17,152,30,228,2,18,8,86,7,48,0,0,2,26,3,28,7,76,11,80,7,18,4;10;13;15;18;19;21;23
8,group08_allf2_2a_single12k-layers2-6,17,152,26,228,2,18,8,86,7,48,0,0,2,26,3,28,7,72,11,88,3,14,8;10;13;15;18;19;21;23
8,group09_allf2_2a_single12k-layers2-10,17,152,26,228,2,18,8,86,7,48,0,0,2,26,3,28,7,72,11,88,3,14,10;12;13;15;18;19;21;23
8,group10_allf2_one-per-12k-layer,17,152,26,228,2,18,9,86,6,48,0,0,2,22,3,32,9,76,10,84,2,14,3;8;12;13;18;19;21;23
8,group11_allf1_one-per-12k-layer,17,152,26,228,2,18,9,94,6,40,0,0,4,46,1,8,9,74,10,88,2,12,3;8;12;13;17;20;22;24
8,group12_2b_f2-3-5_12k-layers2-6,19,152,35,228,2,18,9,88,8,46,0,0,3,28,4,26,10,91,10,54,8,29,4;7;8;13;14;16;19;21
8,group13_pairs2-6-14_single10_2a-8,18,152,33,228,2,18,11,86,5,48,0,0,4,40,1,14,12,62,11,94,5,18,3;4;7;8;9;12;13;15
8,group14_pairs2-6-14_single10_f2-3,19,152,36,228,2,18,11,86,6,48,0,0,4,34,3,20,12,66,12,92,5,16,3;4;7;8;9;12;13;19
8,group15_allf2_2a_12k-layer6,17,152,30,228,2,18,8,86,7,48,0,0,2,26,3,28,7,76,11,80,7,18,7;8;10;15;18;19;21;23
8,group16_allf2_2a_12k-layer10,17,152,30,228,2,18,8,86,7,48,0,0,2,26,3,28,7,76,11,80,7,18,6;10;12;15;18;19;21;23
10,group01,19,152,32,228,2,18,11,74,6,60,0,0,4,26,3,28,8,49,11,98,6,27,3;4;6;7;8;9;12;13;19;21
10,group02,19,152,31,228,2,18,11,74,6,60,0,0,4,26,3,28,7,46,12,104,5,24,3;4;6;7;8;9;12;13;21;23
10,group03,17,152,26,228,2,18,10,74,5,60,0,0,4,38,1,16,6,42,10,100,5,32,3;4;6;7;8;9;10;12;13;15
10,group04,20,152,35,228,2,18,11,74,7,60,0,0,4,32,3,22,8,44,14,102,6,28,3;4;6;7;8;9;10;12;13;19
10,group05,20,152,35,228,2,18,11,74,7,60,0,0,4,32,3,22,8,44,14,102,6,28,3;4;6;7;8;9;12;13;15;21
10,group07,20,152,35,228,2,18,11,74,7,60,0,0,4,32,3,22,8,44,14,102,6,28,3;4;6;7;8;9;10;12;13;23
10,group08,17,152,26,228,2,18,9,76,6,58,0,0,3,32,2,22,6,46,10,104,5,24,3;4;6;7;8;9;12;13;14;16
10,group09,19,152,31,228,2,18,11,78,6,56,0,0,4,38,1,16,8,50,12,96,6,28,3;4;6;7;8;9;12;13;17;22
10,group10,21,152,35,228,2,18,11,77,8,57,0,0,4,35,2,19,8,48,14,100,7,26,3;4;6;7;8;9;12;13;16;22
10,group11,17,152,30,228,2,18,8,74,7,60,0,0,2,22,3,32,7,56,11,88,7,30,4;7;8;10;13;15;18;19;21;23
10,group12,17,152,30,228,2,18,8,74,7,60,0,0,2,22,3,32,7,56,11,88,7,30,4;6;10;12;13;15;18;19;21;23
10,group13,17,152,30,228,2,18,8,74,7,60,0,0,2,22,3,32,7,56,11,88,7,30,3;4;9;10;13;15;18;19;21;23
10,group14,17,152,30,228,2,18,9,74,6,60,0,0,2,18,3,36,9,60,10,84,6,30,4;6;7;8;12;13;18;19;21;23
10,group15,17,152,30,228,2,18,9,74,6,60,0,0,2,18,3,36,9,60,10,84,6,30,3;6;7;8;9;12;18;19;21;23
