metal,bond_type,representative_distance_A,lower_bound_inclusive_A,upper_bound_exclusive_A,count
Sr,Sr_O_01,2.864579572419668,0,2.9113389086532924,12
Sr,Sr_O_02,2.9580979930733977,2.9113389086532924,3.5296517651287473,6
Ga,Ga_O_01,1.8700733806298058,0,1.8892547172948793,6
Ga,Ga_O_02,1.9084360832390157,1.8892547172948793,1.9087815852274364,12
Ga,Ga_O_03,1.9091270642999978,1.9087815852274364,1.9172814321019982,4
Ga,Ga_O_04,1.9254357627550096,1.9172814321019982,1.9549459764251915,8
Ga,Ga_O_05,1.98445597871961,1.9549459764251915,1.9847238411894552,4
Ga,Ga_O_06,1.9849920481725392,1.9847238411894552,1.989922039204467,12
Ga,Ga_O_07,1.9948518556917803,1.989922039204467,2.030614548417655,0
Ga,Ga_O_08,2.0663773815351054,2.030614548417655,2.080602482757751,12
Ga,Ga_O_09,2.094827492114641,2.080602482757751,2.0965753085046446,4
Ga,Ga_O_10,2.098323230001858,2.0965753085046446,2.188130947820701,8
Ga,Ga_O_11,2.2779384415000004,2.188130947820701,2.7836436024885955,4
Cr,Cr_O_01,1.8700733806298058,0,1.8892547172948793,0
Cr,Cr_O_02,1.9084360832390157,1.8892547172948793,1.9087815852274364,0
Cr,Cr_O_03,1.9091270642999978,1.9087815852274364,1.9172814321019982,0
Cr,Cr_O_04,1.9254357627550096,1.9172814321019982,1.9549459764251915,16
Cr,Cr_O_05,1.98445597871961,1.9549459764251915,1.9847238411894552,8
Cr,Cr_O_06,1.9849920481725392,1.9847238411894552,1.989922039204467,0
Cr,Cr_O_07,1.9948518556917803,1.989922039204467,2.030614548417655,12
Cr,Cr_O_08,2.0663773815351054,2.030614548417655,2.080602482757751,0
Cr,Cr_O_09,2.094827492114641,2.080602482757751,2.0965753085046446,8
Cr,Cr_O_10,2.098323230001858,2.0965753085046446,2.188130947820701,16
Cr,Cr_O_11,2.2779384415000004,2.188130947820701,2.7836436024885955,0
