metal,element_local_index_1based,bulk_Ga_index_1based,site_label,oxygen_index_1based,distance_A,bond_type,periodic_image_shift
Sr,1,,,2,2.958098043228469,Sr_O_02,"(0, -1, 0)"
Sr,1,,,4,2.864579795118219,Sr_O_01,"(0, 0, 0)"
Sr,1,,,16,2.9580979326637595,Sr_O_02,"(1, 0, 0)"
Sr,1,,,18,2.8645798765734263,Sr_O_01,"(0, 0, 0)"
Sr,1,,,21,2.864579884642825,Sr_O_01,"(0, 0, 0)"
Sr,1,,,25,2.8645797959311503,Sr_O_01,"(0, 0, 0)"
Sr,1,,,28,2.864579883829894,Sr_O_01,"(0, 0, 0)"
Sr,1,,,35,2.95809800345424,Sr_O_02,"(0, -1, 0)"
Sr,1,,,38,2.8645798757604948,Sr_O_01,"(0, 0, 0)"
Sr,2,,,1,2.8645793251769454,Sr_O_01,"(0, 0, 0)"
Sr,2,,,5,2.8645793169995204,Sr_O_01,"(0, 0, 0)"
Sr,2,,,9,2.8645792364135385,Sr_O_01,"(0, 0, 0)"
Sr,2,,,10,2.9580980427214705,Sr_O_02,"(-1, 0, 0)"
Sr,2,,,23,2.95809793284463,Sr_O_02,"(0, 1, 0)"
Sr,2,,,27,2.8645793169995213,Sr_O_01,"(0, 0, 0)"
Sr,2,,,30,2.8645793251769462,Sr_O_01,"(0, 0, 0)"
Sr,2,,,33,2.864579236413537,Sr_O_01,"(0, 0, 0)"
Sr,2,,,37,2.9580980035278155,Sr_O_02,"(-1, 0, 0)"
Cr,1,1,12k_layer6_3,4,1.9254355757587174,Cr_O_04,"(0, 0, 0)"
Cr,1,1,12k_layer6_3,6,1.9844559567789057,Cr_O_05,"(-1, -1, 0)"
Cr,1,1,12k_layer6_3,13,2.0983234538406146,Cr_O_10,"(0, 0, 0)"
Cr,1,1,12k_layer6_3,19,2.094827515170505,Cr_O_09,"(0, 0, 0)"
Cr,1,1,12k_layer6_3,28,1.925435576196381,Cr_O_04,"(0, 0, 0)"
Cr,1,1,12k_layer6_3,36,2.0983234538272053,Cr_O_10,"(0, -1, 0)"
Cr,2,2,12k_layer2_3,7,1.9844559567789046,Cr_O_05,"(-1, -1, 0)"
Cr,2,2,12k_layer2_3,21,1.9254355761963797,Cr_O_04,"(0, 0, 0)"
Cr,2,2,12k_layer2_3,25,1.9254355757587163,Cr_O_04,"(0, 0, 0)"
Cr,2,2,12k_layer2_3,29,2.098323453827207,Cr_O_10,"(0, -1, 0)"
Cr,2,2,12k_layer2_3,31,2.0948275151705062,Cr_O_09,"(0, 0, 0)"
Cr,2,2,12k_layer2_3,34,2.0983234538406164,Cr_O_10,"(0, 0, 0)"
Ga,1,3,12k_layer14_1,8,2.0983229791065865,Ga_O_10,"(0, 0, 0)"
Ga,1,3,12k_layer14_1,9,1.9254359958162917,Ga_O_04,"(0, 0, 0)"
Ga,1,3,12k_layer14_1,15,2.094827260093365,Ga_O_09,"(0, 0, 0)"
Ga,1,3,12k_layer14_1,20,1.9844560436631808,Ga_O_05,"(-1, -1, 0)"
Ga,1,3,12k_layer14_1,24,2.0983229796303986,Ga_O_10,"(-1, 0, 0)"
Ga,1,3,12k_layer14_1,30,1.9254359958162914,Ga_O_04,"(0, 0, 0)"
Cr,3,4,12k_layer2_2,7,1.984455956778905,Cr_O_05,"(0, -1, 0)"
Cr,3,4,12k_layer2_2,18,1.9254355763634932,Cr_O_04,"(0, 0, 0)"
Cr,3,4,12k_layer2_2,25,1.925435575758716,Cr_O_04,"(0, 0, 0)"
Cr,3,4,12k_layer2_2,31,2.094827515170506,Cr_O_09,"(0, 0, 0)"
Cr,3,4,12k_layer2_2,32,2.0983234538709623,Cr_O_10,"(0, -1, 0)"
Cr,3,4,12k_layer2_2,34,2.098323454408184,Cr_O_10,"(1, 0, 0)"
Cr,4,5,12k_layer14_3,14,2.098322979539073,Cr_O_10,"(0, 0, 0)"
Cr,4,5,12k_layer14_3,15,2.094827383098975,Cr_O_09,"(0, 0, 0)"
Cr,4,5,12k_layer14_3,20,1.9844560439741377,Cr_O_05,"(0, 0, 0)"
Cr,4,5,12k_layer14_3,24,2.098322979658534,Cr_O_10,"(0, 1, 0)"
Cr,4,5,12k_layer14_3,27,1.925435983138288,Cr_O_04,"(0, 0, 0)"
Cr,4,5,12k_layer14_3,30,1.9254359955204852,Cr_O_04,"(0, 0, 0)"
Cr,5,6,12k_layer10_2,5,1.9254359120300575,Cr_O_04,"(0, 0, 0)"
Cr,5,6,12k_layer10_2,12,1.98445595738215,Cr_O_05,"(-1, 0, 0)"
Cr,5,6,12k_layer10_2,17,2.094827514410795,Cr_O_09,"(0, 0, 0)"
Cr,5,6,12k_layer10_2,22,2.0983230321761726,Cr_O_10,"(-1, 0, 0)"
Cr,5,6,12k_layer10_2,26,2.0983230324265865,Cr_O_10,"(0, 1, 0)"
Cr,5,6,12k_layer10_2,33,1.9254359114895088,Cr_O_04,"(0, 0, 0)"
Cr,6,7,12k_layer6_2,3,2.0983234538709605,Cr_O_10,"(0, -1, 0)"
Cr,6,7,12k_layer6_2,4,1.9254355757587174,Cr_O_04,"(0, 0, 0)"
Cr,6,7,12k_layer6_2,6,1.9844559567789064,Cr_O_05,"(0, -1, 0)"
Cr,6,7,12k_layer6_2,13,2.0983234544081824,Cr_O_10,"(1, 0, 0)"
Cr,6,7,12k_layer6_2,19,2.0948275151705045,Cr_O_09,"(0, 0, 0)"
Cr,6,7,12k_layer6_2,38,1.9254355763634945,Cr_O_04,"(0, 0, 0)"
Ga,2,8,12k_layer6_1,3,2.0983234541175877,Ga_O_10,"(0, 0, 0)"
Ga,2,8,12k_layer6_1,6,1.9844559569613607,Ga_O_05,"(0, 0, 0)"
Ga,2,8,12k_layer6_1,19,2.0948276379027013,Ga_O_09,"(0, 0, 0)"
Ga,2,8,12k_layer6_1,28,1.9254355756093047,Ga_O_04,"(0, 0, 0)"
Ga,2,8,12k_layer6_1,36,2.0983234546414,Ga_O_10,"(1, 0, 0)"
Ga,2,8,12k_layer6_1,38,1.925435563604001,Ga_O_04,"(0, 0, 0)"
Cr,7,9,12k_layer14_2,8,2.098322979647595,Cr_O_10,"(0, 1, 0)"
Cr,7,9,12k_layer14_2,9,1.9254359955309297,Cr_O_04,"(0, 0, 0)"
Cr,7,9,12k_layer14_2,14,2.098322979397181,Cr_O_10,"(-1, 0, 0)"
Cr,7,9,12k_layer14_2,15,2.094827260728784,Cr_O_09,"(0, 0, 0)"
Cr,7,9,12k_layer14_2,20,1.9844560438241048,Cr_O_05,"(-1, 0, 0)"
Cr,7,9,12k_layer14_2,27,1.9254359960714784,Cr_O_04,"(0, 0, 0)"
Ga,3,10,2a_layer16,8,1.9948520249218649,Ga_O_07,"(1, 1, 0)"
Ga,3,10,2a_layer16,14,1.9948520252426432,Ga_O_07,"(0, 0, 0)"
Ga,3,10,2a_layer16,24,1.9948520249218644,Ga_O_07,"(0, 1, 0)"
Ga,3,10,2a_layer16,29,1.9948516604791149,Ga_O_07,"(1, 0, 1)"
Ga,3,10,2a_layer16,32,1.9948516599281325,Ga_O_07,"(0, 0, 1)"
Ga,3,10,2a_layer16,34,1.994851660087002,Ga_O_07,"(1, 1, 1)"
Cr,8,11,12k_layer10_3,1,1.9254359114790642,Cr_O_04,"(0, 0, 0)"
Cr,8,11,12k_layer10_3,5,1.9254358990968665,Cr_O_04,"(0, 0, 0)"
Cr,8,11,12k_layer10_3,11,2.0983230324375253,Cr_O_10,"(0, 1, 0)"
Cr,8,11,12k_layer10_3,12,1.9844559575321832,Cr_O_05,"(0, 0, 0)"
Cr,8,11,12k_layer10_3,17,2.094827636780971,Cr_O_09,"(0, 0, 0)"
Cr,8,11,12k_layer10_3,22,2.0983230323180644,Cr_O_10,"(0, 0, 0)"
Ga,4,12,12k_layer10_1,1,1.9254359117748707,Ga_O_04,"(0, 0, 0)"
Ga,4,12,12k_layer10_1,11,2.0983230324093904,Ga_O_10,"(-1, 0, 0)"
Ga,4,12,12k_layer10_1,12,1.9844559572212264,Ga_O_05,"(-1, -1, 0)"
Ga,4,12,12k_layer10_1,17,2.0948275137753765,Ga_O_09,"(0, 0, 0)"
Ga,4,12,12k_layer10_1,26,2.098323031885578,Ga_O_10,"(0, 0, 0)"
Ga,4,12,12k_layer10_1,33,1.9254359117748707,Ga_O_04,"(0, 0, 0)"
Ga,5,13,12k_layer2_1,7,1.9844559569613596,Ga_O_05,"(0, 0, 0)"
Ga,5,13,12k_layer2_1,18,1.925435563604,Ga_O_04,"(0, 0, 0)"
Ga,5,13,12k_layer2_1,21,1.9254355756093033,Ga_O_04,"(0, 0, 0)"
Ga,5,13,12k_layer2_1,29,2.0983234546414016,Ga_O_10,"(1, 0, 0)"
Ga,5,13,12k_layer2_1,31,2.0948276379027027,Ga_O_09,"(0, 0, 0)"
Ga,5,13,12k_layer2_1,32,2.0983234541175895,Ga_O_10,"(0, 0, 0)"
Ga,6,14,2b_layer12,10,1.8700732788205217,Ga_O_01,"(0, 1, 0)"
Ga,6,14,2b_layer12,12,2.2779384420000004,Ga_O_11,"(0, 0, 0)"
Ga,6,14,2b_layer12,20,2.2779384410000003,Ga_O_11,"(0, 0, 0)"
Ga,6,14,2b_layer12,23,1.870073507451236,Ga_O_01,"(1, 1, 0)"
Ga,6,14,2b_layer12,37,1.870073355,Ga_O_01,"(0, 0, 0)"
Ga,7,15,2a_layer8,3,1.9948516601706343,Ga_O_07,"(0, 0, 0)"
Ga,7,15,2a_layer8,11,1.9948520770594027,Ga_O_07,"(0, 1, 0)"
Ga,7,15,2a_layer8,13,1.994851660329504,Ga_O_07,"(1, 1, 0)"
Ga,7,15,2a_layer8,22,1.9948520773801812,Ga_O_07,"(0, 0, 0)"
Ga,7,15,2a_layer8,26,1.9948520770594032,Ga_O_07,"(1, 1, 0)"
Ga,7,15,2a_layer8,36,1.9948516607216167,Ga_O_07,"(1, 0, 0)"
Ga,8,16,2b_layer4,2,1.8700732794118144,Ga_O_01,"(1, 0, 0)"
Ga,8,16,2b_layer4,6,2.277938441000001,Ga_O_11,"(0, 0, 0)"
Ga,8,16,2b_layer4,7,2.2779384420000004,Ga_O_11,"(0, 0, 0)"
Ga,8,16,2b_layer4,16,1.8700735073000085,Ga_O_01,"(1, 1, 0)"
Ga,8,16,2b_layer4,35,1.870073355795254,Ga_O_01,"(0, 0, 0)"
Ga,9,17,4f1_layer9,11,1.9084361294606749,Ga_O_02,"(0, 0, 0)"
Ga,9,17,4f1_layer9,19,1.9091270429999996,Ga_O_03,"(0, 0, 0)"
Ga,9,17,4f1_layer9,22,1.9084362745505044,Ga_O_02,"(0, 0, 0)"
Ga,9,17,4f1_layer9,26,1.9084361294606744,Ga_O_02,"(0, 0, 0)"
Ga,10,18,4f2_layer11,1,1.9849917587865524,Ga_O_06,"(0, 0, 0)"
Ga,10,18,4f2_layer11,5,1.9849916384047732,Ga_O_06,"(0, -1, 0)"
Ga,10,18,4f2_layer11,10,2.0663776487443304,Ga_O_08,"(0, 0, 0)"
Ga,10,18,4f2_layer11,23,2.0663774783167193,Ga_O_08,"(0, 0, 0)"
Ga,10,18,4f2_layer11,33,1.9849917593946298,Ga_O_06,"(1, 0, 0)"
Ga,10,18,4f2_layer11,37,2.0663777054221355,Ga_O_08,"(0, 0, 0)"
Ga,11,19,4f2_layer3,2,2.0663771907209756,Ga_O_08,"(0, 0, 0)"
Ga,11,19,4f2_layer3,16,2.066377020121716,Ga_O_08,"(0, 0, 0)"
Ga,11,19,4f2_layer3,18,1.9849922964805824,Ga_O_06,"(-1, 0, 0)"
Ga,11,19,4f2_layer3,21,1.9849924174878968,Ga_O_06,"(0, 0, 0)"
Ga,11,19,4f2_layer3,25,1.9849924184808014,Ga_O_06,"(0, 1, 0)"
Ga,11,19,4f2_layer3,35,2.066377246884635,Ga_O_08,"(0, 0, 0)"
Ga,12,20,4f1_layer7,3,1.9084360732701862,Ga_O_02,"(0, 0, 0)"
Ga,12,20,4f1_layer7,13,1.9084359271385227,Ga_O_02,"(0, 0, 0)"
Ga,12,20,4f1_layer7,17,1.909127043000001,Ga_O_03,"(0, 0, 0)"
Ga,12,20,4f1_layer7,36,1.9084359275969722,Ga_O_02,"(0, 0, 0)"
Ga,13,21,4f2_layer5,2,2.0663771900543897,Ga_O_08,"(0, 0, 0)"
Ga,13,21,4f2_layer5,4,1.9849924184808014,Ga_O_06,"(0, 1, 0)"
Ga,13,21,4f2_layer5,16,2.0663770194551296,Ga_O_08,"(0, 0, 0)"
Ga,13,21,4f2_layer5,28,1.9849924174878968,Ga_O_06,"(0, 0, 0)"
Ga,13,21,4f2_layer5,35,2.0663772462180487,Ga_O_08,"(0, 0, 0)"
Ga,13,21,4f2_layer5,38,1.9849922964805824,Ga_O_06,"(-1, 0, 0)"
Ga,14,22,4f1_layer1,15,1.9091273005999965,Ga_O_03,"(0, 0, -1)"
Ga,14,22,4f1_layer1,29,1.9084359275969722,Ga_O_02,"(0, 0, 0)"
Ga,14,22,4f1_layer1,32,1.9084360732701862,Ga_O_02,"(0, 0, 0)"
Ga,14,22,4f1_layer1,34,1.9084359271385227,Ga_O_02,"(0, 0, 0)"
Ga,15,23,4f2_layer13,9,1.9849917593946296,Ga_O_06,"(1, 0, 0)"
Ga,15,23,4f2_layer13,10,2.0663776487443317,Ga_O_08,"(0, 0, 0)"
Ga,15,23,4f2_layer13,23,2.0663774783167206,Ga_O_08,"(0, 0, 0)"
Ga,15,23,4f2_layer13,27,1.984991638404773,Ga_O_06,"(0, -1, 0)"
Ga,15,23,4f2_layer13,30,1.984991758786552,Ga_O_06,"(0, 0, 0)"
Ga,15,23,4f2_layer13,37,2.066377705422137,Ga_O_08,"(0, 0, 0)"
Ga,16,24,4f1_layer15,8,1.9084361547650497,Ga_O_02,"(0, 0, 0)"
Ga,16,24,4f1_layer15,14,1.9084362998548778,Ga_O_02,"(0, 0, 0)"
Ga,16,24,4f1_layer15,24,1.9084361547650501,Ga_O_02,"(0, 0, 0)"
Ga,16,24,4f1_layer15,31,1.9091268705999949,Ga_O_03,"(0, 0, 1)"
