"nCr_cell","group","Cr_sites"
"2","group10_2a_layer16__2b_layer12","Cr_2a_layer16;Cr_2b_layer12"
"2","group11_4f1_layer15__4f2_layer13","Cr_4f1_layer15;Cr_4f2_layer13"
"2","group12_2a_layer8__12k_layer2_1","Cr_2a_layer8;Cr_12k_layer2_1"
"2","group13_12k_layer2_1__layer2_2","Cr_12k_layer2_1;Cr_12k_layer2_2"
"2","group1_layer2_2__layer10_1","Cr_12k_layer2_2;Cr_12k_layer10_1"
"2","group2_2a_layer16__2a_layer8","Cr_2a_layer16;Cr_2a_layer8"
"2","group3_2b_layer12__2b_layer4","Cr_2b_layer12;Cr_2b_layer4"
"2","group4_4f1_layer15__4f1_layer9","Cr_4f1_layer15;Cr_4f1_layer9"
"2","group5_4f1_layer7__4f1_layer1","Cr_4f1_layer1;Cr_4f1_layer7"
"2","group6_4f2_layer13__4f2_layer5","Cr_4f2_layer13;Cr_4f2_layer5"
"2","group7_4f2_layer11__4f2_layer3","Cr_4f2_layer11;Cr_4f2_layer3"
"2","group8_layer6_1__layer14_3","Cr_12k_layer6_1;Cr_12k_layer14_3"
"2","group9_layer2_1__layer10_2","Cr_12k_layer2_1;Cr_12k_layer10_2"
"4","group01","12k_layer2_2;12k_layer6_2;12k_layer10_2;12k_layer14_2"
"4","group02","12k_layer2_2;12k_layer6_3;12k_layer10_2;12k_layer14_1"
"4","group03","12k_layer6_1;12k_layer6_2;12k_layer2_3;12k_layer10_3"
"4","group04","4f2_layer13;4f2_layer11;4f2_layer5;4f2_layer3"
"4","group05","4f2_layer13;4f2_layer11;2a_layer16;2a_layer8"
"4","group06","4f2_layer11;4f2_layer5;2a_layer16;2a_layer8"
"4","group07","12k_layer6_1;12k_layer6_2;2a_layer16;2a_layer8"
"4","group08","12k_layer2_3;12k_layer10_1;2a_layer16;2a_layer8"
"4","group09_case1","2a_layer16;2a_layer8;4f2_layer13;12k_layer6_2"
"4","group09_case2","2a_layer16;2a_layer8;4f2_layer5;12k_layer10_3"
"4","group10_case1","2a_layer16;12k_layer2_1;12k_layer10_2;4f2_layer11"
"4","group10_case2","2a_layer8;12k_layer6_3;12k_layer14_2;4f2_layer5"
"4","group12","2a_layer16;2a_layer8;2b_layer12;2b_layer4"
"4","group14","12k_layer2_1;12k_layer10_3;2b_layer12;2b_layer4"
"4","group15","4f1_layer15;4f1_layer7;2a_layer16;2a_layer8"
"4","group16","4f1_layer15;4f1_layer9;4f1_layer7;4f1_layer1"
"4","group17","4f1_layer9;2b_layer12;2a_layer8;12k_layer14_3"
"6","group01","12k_layer2_1;12k_layer2_2;12k_layer6_1;12k_layer6_2;12k_layer10_1;12k_layer10_2"
"6","group02","12k_layer2_1;12k_layer2_3;12k_layer6_1;12k_layer6_3;12k_layer10_1;12k_layer10_3"
"6","group03","12k_layer2_2;12k_layer2_3;12k_layer6_2;12k_layer6_3;12k_layer10_2;12k_layer10_3"
"6","group04","12k_layer2_1;12k_layer2_2;12k_layer6_1;12k_layer6_2;12k_layer14_1;12k_layer14_2"
"6","group05","12k_layer2_1;12k_layer2_2;12k_layer10_1;12k_layer10_2;12k_layer14_1;12k_layer14_2"
"6","group06","12k_layer6_1;12k_layer6_2;12k_layer10_1;12k_layer10_2;2a_layer16;2a_layer8"
"6","group07","12k_layer6_2;12k_layer6_3;12k_layer10_2;12k_layer10_3;2a_layer16;2a_layer8"
"6","group08","12k_layer2_1;12k_layer2_2;12k_layer6_1;12k_layer6_2;4f2_layer3;4f2_layer5"
"6","group09","12k_layer2_2;12k_layer2_3;12k_layer6_2;12k_layer6_3;4f2_layer3;2a_layer8"
"6","group10","2a_layer16;4f2_layer13;4f2_layer11;2a_layer8;4f2_layer5;4f2_layer3"
"6","group11","12k_layer6_1;12k_layer6_2;12k_layer14_1;12k_layer14_2;2a_layer8;4f2_layer11"
"6","group12","12k_layer2_1;12k_layer2_2;12k_layer6_1;12k_layer6_2;4f1_layer15;4f1_layer9"
"6","group13","12k_layer2_1;12k_layer2_2;12k_layer6_1;12k_layer6_2;2b_layer12;2b_layer4"
"6","group14","12k_layer2_1;12k_layer6_1;12k_layer10_1;12k_layer14_1;2a_layer16;2a_layer8"
"6","group15","12k_layer2_2;12k_layer6_2;12k_layer10_2;12k_layer14_2;4f2_layer3;4f2_layer5"
"8","group01_all12k_pair12","12k_layer2_1;12k_layer2_2;12k_layer6_1;12k_layer6_2;12k_layer10_1;12k_layer10_2;12k_layer14_1;12k_layer14_2"
"8","group02_all12k_pair13","12k_layer2_1;12k_layer2_3;12k_layer6_1;12k_layer6_3;12k_layer10_1;12k_layer10_3;12k_layer14_1;12k_layer14_3"
"8","group03_all12k_pair23","12k_layer2_2;12k_layer2_3;12k_layer6_2;12k_layer6_3;12k_layer10_2;12k_layer10_3;12k_layer14_2;12k_layer14_3"
"8","group04_12k2-6-10_f2-3-5","12k_layer2_1;12k_layer2_2;12k_layer6_1;12k_layer6_2;12k_layer10_1;12k_layer10_2;4f2_layer3;4f2_layer5"
"8","group05_12k2-6-10_f2-3_2a-8","12k_layer2_1;12k_layer2_2;12k_layer6_1;12k_layer6_2;12k_layer10_1;12k_layer10_2;4f2_layer3;2a_layer8"
"8","group06_12k2-6-10_2a","12k_layer2_1;12k_layer2_2;12k_layer6_1;12k_layer6_2;12k_layer10_1;12k_layer10_2;2a_layer8;2a_layer16"
"8","group07_allf2_2a_12k-layer2","12k_layer2_1;12k_layer2_2;4f2_layer3;4f2_layer5;2a_layer8;4f2_layer11;4f2_layer13;2a_layer16"
"8","group08_allf2_2a_single12k-layers2-6","12k_layer2_1;4f2_layer3;4f2_layer5;12k_layer6_1;2a_layer8;4f2_layer11;4f2_layer13;2a_layer16"
"8","group09_allf2_2a_single12k-layers2-10","12k_layer2_1;4f2_layer3;4f2_layer5;2a_layer8;12k_layer10_1;4f2_layer11;4f2_layer13;2a_layer16"
"8","group10_allf2_one-per-12k-layer","12k_layer2_1;4f2_layer3;4f2_layer5;12k_layer6_1;12k_layer10_1;4f2_layer11;4f2_layer13;12k_layer14_1"
"8","group11_allf1_one-per-12k-layer","4f1_layer1;12k_layer2_1;12k_layer6_1;4f1_layer7;4f1_layer9;12k_layer10_1;12k_layer14_1;4f1_layer15"
"8","group12_2b_f2-3-5_12k-layers2-6","12k_layer2_1;12k_layer2_2;4f2_layer3;2b_layer4;4f2_layer5;12k_layer6_1;12k_layer6_2;2b_layer12"
"8","group13_pairs2-6-14_single10_2a-8","12k_layer2_1;12k_layer2_2;12k_layer6_1;12k_layer6_2;2a_layer8;12k_layer10_1;12k_layer14_1;12k_layer14_2"
"8","group14_pairs2-6-14_single10_f2-3","12k_layer2_1;12k_layer2_2;4f2_layer3;12k_layer6_1;12k_layer6_2;12k_layer10_1;12k_layer14_1;12k_layer14_2"
"8","group15_allf2_2a_12k-layer6","4f2_layer3;4f2_layer5;12k_layer6_1;12k_layer6_2;2a_layer8;4f2_layer11;4f2_layer13;2a_layer16"
"8","group16_allf2_2a_12k-layer10","4f2_layer3;4f2_layer5;2a_layer8;12k_layer10_1;12k_layer10_2;4f2_layer11;4f2_layer13;2a_layer16"
"10","group01","12k_layer2_1;12k_layer2_2;12k_layer6_1;12k_layer6_2;12k_layer10_1;12k_layer10_2;12k_layer14_1;12k_layer14_2;4f2_layer3;4f2_layer5"
"10","group02","12k_layer2_1;12k_layer2_2;12k_layer6_1;12k_layer6_2;12k_layer10_1;12k_layer10_2;12k_layer14_1;12k_layer14_2;4f2_layer13;4f2_layer5"
"10","group03","12k_layer2_1;12k_layer2_2;12k_layer6_1;12k_layer6_2;12k_layer10_1;12k_layer10_2;12k_layer14_1;12k_layer14_2;2a_layer16;2a_layer8"
"10","group04","12k_layer2_1;12k_layer2_2;12k_layer6_1;12k_layer6_2;12k_layer10_1;12k_layer10_2;12k_layer14_1;12k_layer14_2;4f2_layer3;2a_layer16"
"10","group05","12k_layer2_1;12k_layer2_2;12k_layer6_1;12k_layer6_2;12k_layer10_1;12k_layer10_2;12k_layer14_1;12k_layer14_2;4f2_layer5;2a_layer8"
"10","group07","12k_layer2_1;12k_layer2_2;12k_layer6_1;12k_layer6_2;12k_layer10_1;12k_layer10_2;12k_layer14_1;12k_layer14_2;4f2_layer13;2a_layer16"
"10","group08","12k_layer2_1;12k_layer2_2;12k_layer6_1;12k_layer6_2;12k_layer10_1;12k_layer10_2;12k_layer14_1;12k_layer14_2;2b_layer12;2b_layer4"
"10","group09","12k_layer2_1;12k_layer2_2;12k_layer6_1;12k_layer6_2;12k_layer10_1;12k_layer10_2;12k_layer14_1;12k_layer14_2;4f1_layer9;4f1_layer1"
"10","group10","12k_layer2_1;12k_layer2_2;12k_layer6_1;12k_layer6_2;12k_layer10_1;12k_layer10_2;12k_layer14_1;12k_layer14_2;4f1_layer1;2b_layer4"
"10","group11","12k_layer2_1;12k_layer2_2;12k_layer6_1;12k_layer6_2;4f2_layer3;4f2_layer5;4f2_layer11;4f2_layer13;2a_layer16;2a_layer8"
"10","group12","12k_layer2_1;12k_layer2_2;12k_layer10_1;12k_layer10_2;4f2_layer3;4f2_layer5;4f2_layer11;4f2_layer13;2a_layer16;2a_layer8"
"10","group13","12k_layer2_1;12k_layer2_2;12k_layer14_1;12k_layer14_2;4f2_layer3;4f2_layer5;4f2_layer11;4f2_layer13;2a_layer16;2a_layer8"
"10","group14","12k_layer2_1;12k_layer2_2;12k_layer6_1;12k_layer6_2;12k_layer10_1;12k_layer10_2;4f2_layer3;4f2_layer5;4f2_layer11;4f2_layer13"
"10","group15","12k_layer6_1;12k_layer6_2;12k_layer10_1;12k_layer10_2;12k_layer14_1;12k_layer14_2;4f2_layer3;4f2_layer5;4f2_layer11;4f2_layer13"
