nCr_cell,group,spin,recorded_hpc_directory,valid_in_inherited_audit,selected_in_inherited_audit
2,group10_2a_layer16__2b_layer12,AFM,/ix/gwang/yiy219/SrCrGaO/2/Compare_Energy/group10_2a_layer16__2b_layer12/AFM,True,True
2,group10_2a_layer16__2b_layer12,FM,/ix/gwang/yiy219/SrCrGaO/2/Compare_Energy/group10_2a_layer16__2b_layer12/FM,True,False
2,group11_4f1_layer15__4f2_layer13,AFM,/ix/gwang/yiy219/SrCrGaO/2/Compare_Energy/group11_4f1_layer15__4f2_layer13/AFM,True,True
2,group11_4f1_layer15__4f2_layer13,FM,/ix/gwang/yiy219/SrCrGaO/2/Compare_Energy/group11_4f1_layer15__4f2_layer13/FM,True,False
2,group12_2a_layer8__12k_layer2_1,AFM,/ix/gwang/yiy219/SrCrGaO/2/Compare_Energy/group12_2a_layer8__12k_layer2_1/AFM,False,False
2,group12_2a_layer8__12k_layer2_1,FM,/ix/gwang/yiy219/SrCrGaO/2/Compare_Energy/group12_2a_layer8__12k_layer2_1/FM,True,True
2,group13_12k_layer2_1__layer2_2,AFM,/ix/gwang/yiy219/SrCrGaO/2/Compare_Energy/group13_12k_layer2_1__layer2_2/AFM,False,False
2,group13_12k_layer2_1__layer2_2,FM,/ix/gwang/yiy219/SrCrGaO/2/Compare_Energy/group13_12k_layer2_1__layer2_2/FM,True,True
2,group1_layer2_2__layer10_1,AFM,/ix/gwang/yiy219/SrCrGaO/2/Compare_Energy/group1_layer2_2__layer10_1/AFM,False,False
2,group1_layer2_2__layer10_1,FM,/ix/gwang/yiy219/SrCrGaO/2/Compare_Energy/group1_layer2_2__layer10_1/FM,True,True
2,group2_2a_layer16__2a_layer8,AFM,/ix/gwang/yiy219/SrCrGaO/2/Compare_Energy/group2_2a_layer16__2a_layer8/AFM,False,False
2,group2_2a_layer16__2a_layer8,FM,/ix/gwang/yiy219/SrCrGaO/2/Compare_Energy/group2_2a_layer16__2a_layer8/FM,True,True
2,group3_2b_layer12__2b_layer4,AFM,/ix/gwang/yiy219/SrCrGaO/2/Compare_Energy/group3_2b_layer12__2b_layer4/AFM,False,False
2,group3_2b_layer12__2b_layer4,FM,/ix/gwang/yiy219/SrCrGaO/2/Compare_Energy/group3_2b_layer12__2b_layer4/FM,True,True
2,group4_4f1_layer15__4f1_layer9,AFM,/ix/gwang/yiy219/SrCrGaO/2/Compare_Energy/group4_4f1_layer15__4f1_layer9/AFM,False,False
2,group4_4f1_layer15__4f1_layer9,FM,/ix/gwang/yiy219/SrCrGaO/2/Compare_Energy/group4_4f1_layer15__4f1_layer9/FM,True,True
2,group5_4f1_layer7__4f1_layer1,AFM,/ix/gwang/yiy219/SrCrGaO/2/Compare_Energy/group5_4f1_layer7__4f1_layer1/AFM,False,False
2,group5_4f1_layer7__4f1_layer1,FM,/ix/gwang/yiy219/SrCrGaO/2/Compare_Energy/group5_4f1_layer7__4f1_layer1/FM,True,True
2,group6_4f2_layer13__4f2_layer5,AFM,/ix/gwang/yiy219/SrCrGaO/2/Compare_Energy/group6_4f2_layer13__4f2_layer5/AFM,False,False
2,group6_4f2_layer13__4f2_layer5,FM,/ix/gwang/yiy219/SrCrGaO/2/Compare_Energy/group6_4f2_layer13__4f2_layer5/FM,True,True
2,group7_4f2_layer11__4f2_layer3,AFM,/ix/gwang/yiy219/SrCrGaO/2/Compare_Energy/group7_4f2_layer11__4f2_layer3/AFM,False,False
2,group7_4f2_layer11__4f2_layer3,FM,/ix/gwang/yiy219/SrCrGaO/2/Compare_Energy/group7_4f2_layer11__4f2_layer3/FM,True,True
2,group8_layer6_1__layer14_3,AFM,/ix/gwang/yiy219/SrCrGaO/2/Compare_Energy/group8_layer6_1__layer14_3/AFM,False,False
2,group8_layer6_1__layer14_3,FM,/ix/gwang/yiy219/SrCrGaO/2/Compare_Energy/group8_layer6_1__layer14_3/FM,True,True
2,group9_layer2_1__layer10_2,AFM,/ix/gwang/yiy219/SrCrGaO/2/Compare_Energy/group9_layer2_1__layer10_2/AFM,False,False
2,group9_layer2_1__layer10_2,FM,/ix/gwang/yiy219/SrCrGaO/2/Compare_Energy/group9_layer2_1__layer10_2/FM,True,True
4,group01,AFM,/ix/gwang/yiy219/SrCrGaO/4/Compare_Energy/group01/AFM,True,True
4,group01,FM,/ix/gwang/yiy219/SrCrGaO/4/Compare_Energy/group01/FM,True,False
4,group02,AFM,/ix/gwang/yiy219/SrCrGaO/4/Compare_Energy/group02/AFM,True,False
4,group02,FM,/ix/gwang/yiy219/SrCrGaO/4/Compare_Energy/group02/FM,True,True
4,group03,AFM,/ix/gwang/yiy219/SrCrGaO/4/Compare_Energy/group03/AFM,True,True
4,group03,FM,/ix/gwang/yiy219/SrCrGaO/4/Compare_Energy/group03/FM,True,False
4,group04,AFM,/ix/gwang/yiy219/SrCrGaO/4/Compare_Energy/group04/AFM,True,True
4,group04,FM,/ix/gwang/yiy219/SrCrGaO/4/Compare_Energy/group04/FM,True,False
4,group05,AFM,/ix/gwang/yiy219/SrCrGaO/4/Compare_Energy/group05/AFM,True,True
4,group05,FM,/ix/gwang/yiy219/SrCrGaO/4/Compare_Energy/group05/FM,True,False
4,group06,AFM,/ix/gwang/yiy219/SrCrGaO/4/Compare_Energy/group06/AFM,False,False
4,group06,FM,/ix/gwang/yiy219/SrCrGaO/4/Compare_Energy/group06/FM,True,True
4,group07,AFM,/ix/gwang/yiy219/SrCrGaO/4/Compare_Energy/group07/AFM,False,False
4,group07,FM,/ix/gwang/yiy219/SrCrGaO/4/Compare_Energy/group07/FM,True,True
4,group08,AFM,/ix/gwang/yiy219/SrCrGaO/4/Compare_Energy/group08/AFM,True,False
4,group08,FM,/ix/gwang/yiy219/SrCrGaO/4/Compare_Energy/group08/FM,True,True
4,group09_case1,AFM,/ix/gwang/yiy219/SrCrGaO/4/Compare_Energy/group09_case1/AFM,False,False
4,group09_case1,FM,/ix/gwang/yiy219/SrCrGaO/4/Compare_Energy/group09_case1/FM,True,True
4,group09_case2,AFM,/ix/gwang/yiy219/SrCrGaO/4/Compare_Energy/group09_case2/AFM,True,False
4,group09_case2,FM,/ix/gwang/yiy219/SrCrGaO/4/Compare_Energy/group09_case2/FM,True,True
4,group10_case1,AFM,/ix/gwang/yiy219/SrCrGaO/4/Compare_Energy/group10_case1/AFM,True,True
4,group10_case1,FM,/ix/gwang/yiy219/SrCrGaO/4/Compare_Energy/group10_case1/FM,True,False
4,group10_case2,AFM,/ix/gwang/yiy219/SrCrGaO/4/Compare_Energy/group10_case2/AFM,False,False
4,group10_case2,FM,/ix/gwang/yiy219/SrCrGaO/4/Compare_Energy/group10_case2/FM,True,True
4,group11,AFM,/ix/gwang/yiy219/SrCrGaO/4/Compare_Energy/group11/AFM,False,False
4,group11,FM,/ix/gwang/yiy219/SrCrGaO/4/Compare_Energy/group11/FM,False,False
4,group12,AFM,/ix/gwang/yiy219/SrCrGaO/4/Compare_Energy/group12/AFM,True,True
4,group12,FM,/ix/gwang/yiy219/SrCrGaO/4/Compare_Energy/group12/FM,True,False
4,group13,AFM,/ix/gwang/yiy219/SrCrGaO/4/Compare_Energy/group13/AFM,False,False
4,group13,FM,/ix/gwang/yiy219/SrCrGaO/4/Compare_Energy/group13/FM,False,False
4,group14,AFM,/ix/gwang/yiy219/SrCrGaO/4/Compare_Energy/group14/AFM,True,False
4,group14,FM,/ix/gwang/yiy219/SrCrGaO/4/Compare_Energy/group14/FM,True,True
4,group15,AFM,/ix/gwang/yiy219/SrCrGaO/4/Compare_Energy/group15/AFM,True,False
4,group15,FM,/ix/gwang/yiy219/SrCrGaO/4/Compare_Energy/group15/FM,True,True
4,group16,AFM,/ix/gwang/yiy219/SrCrGaO/4/Compare_Energy/group16/AFM,True,False
4,group16,FM,/ix/gwang/yiy219/SrCrGaO/4/Compare_Energy/group16/FM,True,True
4,group17,AFM,/ix/gwang/yiy219/SrCrGaO/4/Compare_Energy/group17/AFM,True,False
4,group17,FM,/ix/gwang/yiy219/SrCrGaO/4/Compare_Energy/group17/FM,True,True
6,group01,AFM,/ix/gwang/yiy219/SrCrGaO/6/Compare_Energy/group01/AFM,True,True
6,group01,FM,/ix/gwang/yiy219/SrCrGaO/6/Compare_Energy/group01/FM,True,False
6,group02,AFM,/ix/gwang/yiy219/SrCrGaO/6/Compare_Energy/group02/AFM,False,False
6,group02,FM,/ix/gwang/yiy219/SrCrGaO/6/Compare_Energy/group02/FM,True,True
6,group03,AFM,/ix/gwang/yiy219/SrCrGaO/6/Compare_Energy/group03/AFM,True,True
6,group03,FM,/ix/gwang/yiy219/SrCrGaO/6/Compare_Energy/group03/FM,True,False
6,group04,AFM,/ix/gwang/yiy219/SrCrGaO/6/Compare_Energy/group04/AFM,True,True
6,group04,FM,/ix/gwang/yiy219/SrCrGaO/6/Compare_Energy/group04/FM,True,False
6,group05,AFM,/ix/gwang/yiy219/SrCrGaO/6/Compare_Energy/group05/AFM,False,False
6,group05,FM,/ix/gwang/yiy219/SrCrGaO/6/Compare_Energy/group05/FM,True,True
6,group06,AFM,/ix/gwang/yiy219/SrCrGaO/6/Compare_Energy/group06/AFM,False,False
6,group06,FM,/ix/gwang/yiy219/SrCrGaO/6/Compare_Energy/group06/FM,True,True
6,group07,AFM,/ix/gwang/yiy219/SrCrGaO/6/Compare_Energy/group07/AFM,False,False
6,group07,FM,/ix/gwang/yiy219/SrCrGaO/6/Compare_Energy/group07/FM,True,True
6,group08,AFM,/ix/gwang/yiy219/SrCrGaO/6/Compare_Energy/group08/AFM,True,True
6,group08,FM,/ix/gwang/yiy219/SrCrGaO/6/Compare_Energy/group08/FM,True,False
6,group09,AFM,/ix/gwang/yiy219/SrCrGaO/6/Compare_Energy/group09/AFM,True,True
6,group09,FM,/ix/gwang/yiy219/SrCrGaO/6/Compare_Energy/group09/FM,True,False
6,group10,AFM,/ix/gwang/yiy219/SrCrGaO/6/Compare_Energy/group10/AFM,True,True
6,group10,FM,/ix/gwang/yiy219/SrCrGaO/6/Compare_Energy/group10/FM,True,False
6,group11,AFM,/ix/gwang/yiy219/SrCrGaO/6/Compare_Energy/group11/AFM,True,True
6,group11,FM,/ix/gwang/yiy219/SrCrGaO/6/Compare_Energy/group11/FM,True,False
6,group12,AFM,/ix/gwang/yiy219/SrCrGaO/6/Compare_Energy/group12/AFM,True,False
6,group12,FM,/ix/gwang/yiy219/SrCrGaO/6/Compare_Energy/group12/FM,True,True
6,group13,AFM,/ix/gwang/yiy219/SrCrGaO/6/Compare_Energy/group13/AFM,False,False
6,group13,FM,/ix/gwang/yiy219/SrCrGaO/6/Compare_Energy/group13/FM,True,True
6,group14,AFM,/ix/gwang/yiy219/SrCrGaO/6/Compare_Energy/group14/AFM,True,True
6,group14,FM,/ix/gwang/yiy219/SrCrGaO/6/Compare_Energy/group14/FM,True,False
6,group15,AFM,/ix/gwang/yiy219/SrCrGaO/6/Compare_Energy/group15/AFM,True,True
6,group15,FM,/ix/gwang/yiy219/SrCrGaO/6/Compare_Energy/group15/FM,True,False
8,group01_all12k_pair12,AFM,/ix/gwang/yiy219/SrCrGaO/8/Compare_Energy/group01_all12k_pair12/AFM,True,True
8,group01_all12k_pair12,FM,/ix/gwang/yiy219/SrCrGaO/8/Compare_Energy/group01_all12k_pair12/FM,True,False
8,group02_all12k_pair13,AFM,/ix/gwang/yiy219/SrCrGaO/8/Compare_Energy/group02_all12k_pair13/AFM,True,True
8,group02_all12k_pair13,FM,/ix/gwang/yiy219/SrCrGaO/8/Compare_Energy/group02_all12k_pair13/FM,True,False
8,group03_all12k_pair23,AFM,/ix/gwang/yiy219/SrCrGaO/8/Compare_Energy/group03_all12k_pair23/AFM,True,True
8,group03_all12k_pair23,FM,/ix/gwang/yiy219/SrCrGaO/8/Compare_Energy/group03_all12k_pair23/FM,True,False
8,group04_12k2-6-10_f2-3-5,AFM,/ix/gwang/yiy219/SrCrGaO/8/Compare_Energy/group04_12k2-6-10_f2-3-5/AFM,True,False
8,group04_12k2-6-10_f2-3-5,FM,/ix/gwang/yiy219/SrCrGaO/8/Compare_Energy/group04_12k2-6-10_f2-3-5/FM,True,True
8,group05_12k2-6-10_f2-3_2a-8,AFM,/ix/gwang/yiy219/SrCrGaO/8/Compare_Energy/group05_12k2-6-10_f2-3_2a-8/AFM,True,False
8,group05_12k2-6-10_f2-3_2a-8,FM,/ix/gwang/yiy219/SrCrGaO/8/Compare_Energy/group05_12k2-6-10_f2-3_2a-8/FM,True,True
8,group06_12k2-6-10_2a,AFM,/ix/gwang/yiy219/SrCrGaO/8/Compare_Energy/group06_12k2-6-10_2a/AFM,True,True
8,group06_12k2-6-10_2a,FM,/ix/gwang/yiy219/SrCrGaO/8/Compare_Energy/group06_12k2-6-10_2a/FM,True,False
8,group07_allf2_2a_12k-layer2,AFM,/ix/gwang/yiy219/SrCrGaO/8/Compare_Energy/group07_allf2_2a_12k-layer2/AFM,True,True
8,group07_allf2_2a_12k-layer2,FM,/ix/gwang/yiy219/SrCrGaO/8/Compare_Energy/group07_allf2_2a_12k-layer2/FM,True,False
8,group08_allf2_2a_single12k-layers2-6,AFM,/ix/gwang/yiy219/SrCrGaO/8/Compare_Energy/group08_allf2_2a_single12k-layers2-6/AFM,True,True
8,group08_allf2_2a_single12k-layers2-6,FM,/ix/gwang/yiy219/SrCrGaO/8/Compare_Energy/group08_allf2_2a_single12k-layers2-6/FM,True,False
8,group09_allf2_2a_single12k-layers2-10,AFM,/ix/gwang/yiy219/SrCrGaO/8/Compare_Energy/group09_allf2_2a_single12k-layers2-10/AFM,True,True
8,group09_allf2_2a_single12k-layers2-10,FM,/ix/gwang/yiy219/SrCrGaO/8/Compare_Energy/group09_allf2_2a_single12k-layers2-10/FM,True,False
8,group10_allf2_one-per-12k-layer,AFM,/ix/gwang/yiy219/SrCrGaO/8/Compare_Energy/group10_allf2_one-per-12k-layer/AFM,True,True
8,group10_allf2_one-per-12k-layer,FM,/ix/gwang/yiy219/SrCrGaO/8/Compare_Energy/group10_allf2_one-per-12k-layer/FM,True,False
8,group11_allf1_one-per-12k-layer,AFM,/ix/gwang/yiy219/SrCrGaO/8/Compare_Energy/group11_allf1_one-per-12k-layer/AFM,True,False
8,group11_allf1_one-per-12k-layer,FM,/ix/gwang/yiy219/SrCrGaO/8/Compare_Energy/group11_allf1_one-per-12k-layer/FM,True,True
8,group12_2b_f2-3-5_12k-layers2-6,AFM,/ix/gwang/yiy219/SrCrGaO/8/Compare_Energy/group12_2b_f2-3-5_12k-layers2-6/AFM,True,False
8,group12_2b_f2-3-5_12k-layers2-6,FM,/ix/gwang/yiy219/SrCrGaO/8/Compare_Energy/group12_2b_f2-3-5_12k-layers2-6/FM,True,True
8,group13_pairs2-6-14_single10_2a-8,AFM,/ix/gwang/yiy219/SrCrGaO/8/Compare_Energy/group13_pairs2-6-14_single10_2a-8/AFM,True,True
8,group13_pairs2-6-14_single10_2a-8,FM,/ix/gwang/yiy219/SrCrGaO/8/Compare_Energy/group13_pairs2-6-14_single10_2a-8/FM,True,False
8,group14_pairs2-6-14_single10_f2-3,AFM,/ix/gwang/yiy219/SrCrGaO/8/Compare_Energy/group14_pairs2-6-14_single10_f2-3/AFM,True,True
8,group14_pairs2-6-14_single10_f2-3,FM,/ix/gwang/yiy219/SrCrGaO/8/Compare_Energy/group14_pairs2-6-14_single10_f2-3/FM,True,False
8,group15_allf2_2a_12k-layer6,AFM,/ix/gwang/yiy219/SrCrGaO/8/Compare_Energy/group15_allf2_2a_12k-layer6/AFM,True,True
8,group15_allf2_2a_12k-layer6,FM,/ix/gwang/yiy219/SrCrGaO/8/Compare_Energy/group15_allf2_2a_12k-layer6/FM,True,False
8,group16_allf2_2a_12k-layer10,AFM,/ix/gwang/yiy219/SrCrGaO/8/Compare_Energy/group16_allf2_2a_12k-layer10/AFM,True,True
8,group16_allf2_2a_12k-layer10,FM,/ix/gwang/yiy219/SrCrGaO/8/Compare_Energy/group16_allf2_2a_12k-layer10/FM,True,False
10,group01,AFM,/ix/gwang/yiy219/SrCrGaO/10/Compare_Energy/group01/AFM,True,True
10,group01,FM,/ix/gwang/yiy219/SrCrGaO/10/Compare_Energy/group01/FM,True,False
10,group02,AFM,/ix/gwang/yiy219/SrCrGaO/10/Compare_Energy/group02/AFM,True,True
10,group02,FM,/ix/gwang/yiy219/SrCrGaO/10/Compare_Energy/group02/FM,True,False
10,group03,AFM,/ix/gwang/yiy219/SrCrGaO/10/Compare_Energy/group03/AFM,True,True
10,group03,FM,/ix/gwang/yiy219/SrCrGaO/10/Compare_Energy/group03/FM,True,False
10,group04,AFM,/ix/gwang/yiy219/SrCrGaO/10/Compare_Energy/group04/AFM,False,False
10,group04,FM,/ix/gwang/yiy219/SrCrGaO/10/Compare_Energy/group04/FM,True,True
10,group05,AFM,/ix/gwang/yiy219/SrCrGaO/10/Compare_Energy/group05/AFM,False,False
10,group05,FM,/ix/gwang/yiy219/SrCrGaO/10/Compare_Energy/group05/FM,True,True
10,group06,AFM,/ix/gwang/yiy219/SrCrGaO/10/Compare_Energy/group06/AFM,False,False
10,group06,FM,/ix/gwang/yiy219/SrCrGaO/10/Compare_Energy/group06/FM,False,False
10,group07,AFM,/ix/gwang/yiy219/SrCrGaO/10/Compare_Energy/group07/AFM,False,False
10,group07,FM,/ix/gwang/yiy219/SrCrGaO/10/Compare_Energy/group07/FM,True,True
10,group08,AFM,/ix/gwang/yiy219/SrCrGaO/10/Compare_Energy/group08/AFM,True,True
10,group08,FM,/ix/gwang/yiy219/SrCrGaO/10/Compare_Energy/group08/FM,True,False
10,group09,AFM,/ix/gwang/yiy219/SrCrGaO/10/Compare_Energy/group09/AFM,True,True
10,group09,FM,/ix/gwang/yiy219/SrCrGaO/10/Compare_Energy/group09/FM,True,False
10,group10,AFM,/ix/gwang/yiy219/SrCrGaO/10/Compare_Energy/group10/AFM,False,False
10,group10,FM,/ix/gwang/yiy219/SrCrGaO/10/Compare_Energy/group10/FM,True,True
10,group11,AFM,/ix/gwang/yiy219/SrCrGaO/10/Compare_Energy/group11/AFM,True,True
10,group11,FM,/ix/gwang/yiy219/SrCrGaO/10/Compare_Energy/group11/FM,True,False
10,group12,AFM,/ix/gwang/yiy219/SrCrGaO/10/Compare_Energy/group12/AFM,True,True
10,group12,FM,/ix/gwang/yiy219/SrCrGaO/10/Compare_Energy/group12/FM,True,False
10,group13,AFM,/ix/gwang/yiy219/SrCrGaO/10/Compare_Energy/group13/AFM,False,False
10,group13,FM,/ix/gwang/yiy219/SrCrGaO/10/Compare_Energy/group13/FM,True,True
10,group14,AFM,/ix/gwang/yiy219/SrCrGaO/10/Compare_Energy/group14/AFM,True,True
10,group14,FM,/ix/gwang/yiy219/SrCrGaO/10/Compare_Energy/group14/FM,True,False
10,group15,AFM,/ix/gwang/yiy219/SrCrGaO/10/Compare_Energy/group15/AFM,True,True
10,group15,FM,/ix/gwang/yiy219/SrCrGaO/10/Compare_Energy/group15/FM,True,False
