sample_id,nCr_cell,x_formula,group,selected_spin,Cr_sites,recorded_selected_directory,expected_OUTCAR_path,expected_INCAR_path,expected_POSCAR_path,path_status,new_bulk_structure,geometry_origin
2Cr/group10_2a_layer16__2b_layer12,2,1,group10_2a_layer16__2b_layer12,AFM,Cr_2a_layer16;Cr_2b_layer12,/ix/gwang/yiy219/SrCrGaO/2/Compare_Energy/group10_2a_layer16__2b_layer12/AFM,/ix/gwang/yiy219/SrCrGaO/2/Compare_Energy/group10_2a_layer16__2b_layer12/AFM/OUTCAR,/ix/gwang/yiy219/SrCrGaO/2/Compare_Energy/group10_2a_layer16__2b_layer12/AFM/INCAR,/ix/gwang/yiy219/SrCrGaO/2/Compare_Energy/group10_2a_layer16__2b_layer12/AFM/POSCAR,"directory recorded in inherited audit; file paths derived, not checked live",results/en/2Cr/group10_2a_layer16__2b_layer12/POSCAR_bulk_doped,data/bulk_input_original.vasp; not the HPC POSCAR
2Cr/group11_4f1_layer15__4f2_layer13,2,1,group11_4f1_layer15__4f2_layer13,AFM,Cr_4f1_layer15;Cr_4f2_layer13,/ix/gwang/yiy219/SrCrGaO/2/Compare_Energy/group11_4f1_layer15__4f2_layer13/AFM,/ix/gwang/yiy219/SrCrGaO/2/Compare_Energy/group11_4f1_layer15__4f2_layer13/AFM/OUTCAR,/ix/gwang/yiy219/SrCrGaO/2/Compare_Energy/group11_4f1_layer15__4f2_layer13/AFM/INCAR,/ix/gwang/yiy219/SrCrGaO/2/Compare_Energy/group11_4f1_layer15__4f2_layer13/AFM/POSCAR,"directory recorded in inherited audit; file paths derived, not checked live",results/en/2Cr/group11_4f1_layer15__4f2_layer13/POSCAR_bulk_doped,data/bulk_input_original.vasp; not the HPC POSCAR
2Cr/group12_2a_layer8__12k_layer2_1,2,1,group12_2a_layer8__12k_layer2_1,FM,Cr_2a_layer8;Cr_12k_layer2_1,/ix/gwang/yiy219/SrCrGaO/2/Compare_Energy/group12_2a_layer8__12k_layer2_1/FM,/ix/gwang/yiy219/SrCrGaO/2/Compare_Energy/group12_2a_layer8__12k_layer2_1/FM/OUTCAR,/ix/gwang/yiy219/SrCrGaO/2/Compare_Energy/group12_2a_layer8__12k_layer2_1/FM/INCAR,/ix/gwang/yiy219/SrCrGaO/2/Compare_Energy/group12_2a_layer8__12k_layer2_1/FM/POSCAR,"directory recorded in inherited audit; file paths derived, not checked live",results/en/2Cr/group12_2a_layer8__12k_layer2_1/POSCAR_bulk_doped,data/bulk_input_original.vasp; not the HPC POSCAR
2Cr/group13_12k_layer2_1__layer2_2,2,1,group13_12k_layer2_1__layer2_2,FM,Cr_12k_layer2_1;Cr_12k_layer2_2,/ix/gwang/yiy219/SrCrGaO/2/Compare_Energy/group13_12k_layer2_1__layer2_2/FM,/ix/gwang/yiy219/SrCrGaO/2/Compare_Energy/group13_12k_layer2_1__layer2_2/FM/OUTCAR,/ix/gwang/yiy219/SrCrGaO/2/Compare_Energy/group13_12k_layer2_1__layer2_2/FM/INCAR,/ix/gwang/yiy219/SrCrGaO/2/Compare_Energy/group13_12k_layer2_1__layer2_2/FM/POSCAR,"directory recorded in inherited audit; file paths derived, not checked live",results/en/2Cr/group13_12k_layer2_1__layer2_2/POSCAR_bulk_doped,data/bulk_input_original.vasp; not the HPC POSCAR
2Cr/group1_layer2_2__layer10_1,2,1,group1_layer2_2__layer10_1,FM,Cr_12k_layer2_2;Cr_12k_layer10_1,/ix/gwang/yiy219/SrCrGaO/2/Compare_Energy/group1_layer2_2__layer10_1/FM,/ix/gwang/yiy219/SrCrGaO/2/Compare_Energy/group1_layer2_2__layer10_1/FM/OUTCAR,/ix/gwang/yiy219/SrCrGaO/2/Compare_Energy/group1_layer2_2__layer10_1/FM/INCAR,/ix/gwang/yiy219/SrCrGaO/2/Compare_Energy/group1_layer2_2__layer10_1/FM/POSCAR,"directory recorded in inherited audit; file paths derived, not checked live",results/en/2Cr/group1_layer2_2__layer10_1/POSCAR_bulk_doped,data/bulk_input_original.vasp; not the HPC POSCAR
2Cr/group2_2a_layer16__2a_layer8,2,1,group2_2a_layer16__2a_layer8,FM,Cr_2a_layer16;Cr_2a_layer8,/ix/gwang/yiy219/SrCrGaO/2/Compare_Energy/group2_2a_layer16__2a_layer8/FM,/ix/gwang/yiy219/SrCrGaO/2/Compare_Energy/group2_2a_layer16__2a_layer8/FM/OUTCAR,/ix/gwang/yiy219/SrCrGaO/2/Compare_Energy/group2_2a_layer16__2a_layer8/FM/INCAR,/ix/gwang/yiy219/SrCrGaO/2/Compare_Energy/group2_2a_layer16__2a_layer8/FM/POSCAR,"directory recorded in inherited audit; file paths derived, not checked live",results/en/2Cr/group2_2a_layer16__2a_layer8/POSCAR_bulk_doped,data/bulk_input_original.vasp; not the HPC POSCAR
2Cr/group3_2b_layer12__2b_layer4,2,1,group3_2b_layer12__2b_layer4,FM,Cr_2b_layer12;Cr_2b_layer4,/ix/gwang/yiy219/SrCrGaO/2/Compare_Energy/group3_2b_layer12__2b_layer4/FM,/ix/gwang/yiy219/SrCrGaO/2/Compare_Energy/group3_2b_layer12__2b_layer4/FM/OUTCAR,/ix/gwang/yiy219/SrCrGaO/2/Compare_Energy/group3_2b_layer12__2b_layer4/FM/INCAR,/ix/gwang/yiy219/SrCrGaO/2/Compare_Energy/group3_2b_layer12__2b_layer4/FM/POSCAR,"directory recorded in inherited audit; file paths derived, not checked live",results/en/2Cr/group3_2b_layer12__2b_layer4/POSCAR_bulk_doped,data/bulk_input_original.vasp; not the HPC POSCAR
2Cr/group4_4f1_layer15__4f1_layer9,2,1,group4_4f1_layer15__4f1_layer9,FM,Cr_4f1_layer15;Cr_4f1_layer9,/ix/gwang/yiy219/SrCrGaO/2/Compare_Energy/group4_4f1_layer15__4f1_layer9/FM,/ix/gwang/yiy219/SrCrGaO/2/Compare_Energy/group4_4f1_layer15__4f1_layer9/FM/OUTCAR,/ix/gwang/yiy219/SrCrGaO/2/Compare_Energy/group4_4f1_layer15__4f1_layer9/FM/INCAR,/ix/gwang/yiy219/SrCrGaO/2/Compare_Energy/group4_4f1_layer15__4f1_layer9/FM/POSCAR,"directory recorded in inherited audit; file paths derived, not checked live",results/en/2Cr/group4_4f1_layer15__4f1_layer9/POSCAR_bulk_doped,data/bulk_input_original.vasp; not the HPC POSCAR
2Cr/group5_4f1_layer7__4f1_layer1,2,1,group5_4f1_layer7__4f1_layer1,FM,Cr_4f1_layer1;Cr_4f1_layer7,/ix/gwang/yiy219/SrCrGaO/2/Compare_Energy/group5_4f1_layer7__4f1_layer1/FM,/ix/gwang/yiy219/SrCrGaO/2/Compare_Energy/group5_4f1_layer7__4f1_layer1/FM/OUTCAR,/ix/gwang/yiy219/SrCrGaO/2/Compare_Energy/group5_4f1_layer7__4f1_layer1/FM/INCAR,/ix/gwang/yiy219/SrCrGaO/2/Compare_Energy/group5_4f1_layer7__4f1_layer1/FM/POSCAR,"directory recorded in inherited audit; file paths derived, not checked live",results/en/2Cr/group5_4f1_layer7__4f1_layer1/POSCAR_bulk_doped,data/bulk_input_original.vasp; not the HPC POSCAR
2Cr/group6_4f2_layer13__4f2_layer5,2,1,group6_4f2_layer13__4f2_layer5,FM,Cr_4f2_layer13;Cr_4f2_layer5,/ix/gwang/yiy219/SrCrGaO/2/Compare_Energy/group6_4f2_layer13__4f2_layer5/FM,/ix/gwang/yiy219/SrCrGaO/2/Compare_Energy/group6_4f2_layer13__4f2_layer5/FM/OUTCAR,/ix/gwang/yiy219/SrCrGaO/2/Compare_Energy/group6_4f2_layer13__4f2_layer5/FM/INCAR,/ix/gwang/yiy219/SrCrGaO/2/Compare_Energy/group6_4f2_layer13__4f2_layer5/FM/POSCAR,"directory recorded in inherited audit; file paths derived, not checked live",results/en/2Cr/group6_4f2_layer13__4f2_layer5/POSCAR_bulk_doped,data/bulk_input_original.vasp; not the HPC POSCAR
2Cr/group7_4f2_layer11__4f2_layer3,2,1,group7_4f2_layer11__4f2_layer3,FM,Cr_4f2_layer11;Cr_4f2_layer3,/ix/gwang/yiy219/SrCrGaO/2/Compare_Energy/group7_4f2_layer11__4f2_layer3/FM,/ix/gwang/yiy219/SrCrGaO/2/Compare_Energy/group7_4f2_layer11__4f2_layer3/FM/OUTCAR,/ix/gwang/yiy219/SrCrGaO/2/Compare_Energy/group7_4f2_layer11__4f2_layer3/FM/INCAR,/ix/gwang/yiy219/SrCrGaO/2/Compare_Energy/group7_4f2_layer11__4f2_layer3/FM/POSCAR,"directory recorded in inherited audit; file paths derived, not checked live",results/en/2Cr/group7_4f2_layer11__4f2_layer3/POSCAR_bulk_doped,data/bulk_input_original.vasp; not the HPC POSCAR
2Cr/group8_layer6_1__layer14_3,2,1,group8_layer6_1__layer14_3,FM,Cr_12k_layer6_1;Cr_12k_layer14_3,/ix/gwang/yiy219/SrCrGaO/2/Compare_Energy/group8_layer6_1__layer14_3/FM,/ix/gwang/yiy219/SrCrGaO/2/Compare_Energy/group8_layer6_1__layer14_3/FM/OUTCAR,/ix/gwang/yiy219/SrCrGaO/2/Compare_Energy/group8_layer6_1__layer14_3/FM/INCAR,/ix/gwang/yiy219/SrCrGaO/2/Compare_Energy/group8_layer6_1__layer14_3/FM/POSCAR,"directory recorded in inherited audit; file paths derived, not checked live",results/en/2Cr/group8_layer6_1__layer14_3/POSCAR_bulk_doped,data/bulk_input_original.vasp; not the HPC POSCAR
2Cr/group9_layer2_1__layer10_2,2,1,group9_layer2_1__layer10_2,FM,Cr_12k_layer2_1;Cr_12k_layer10_2,/ix/gwang/yiy219/SrCrGaO/2/Compare_Energy/group9_layer2_1__layer10_2/FM,/ix/gwang/yiy219/SrCrGaO/2/Compare_Energy/group9_layer2_1__layer10_2/FM/OUTCAR,/ix/gwang/yiy219/SrCrGaO/2/Compare_Energy/group9_layer2_1__layer10_2/FM/INCAR,/ix/gwang/yiy219/SrCrGaO/2/Compare_Energy/group9_layer2_1__layer10_2/FM/POSCAR,"directory recorded in inherited audit; file paths derived, not checked live",results/en/2Cr/group9_layer2_1__layer10_2/POSCAR_bulk_doped,data/bulk_input_original.vasp; not the HPC POSCAR
4Cr/group01,4,2,group01,AFM,12k_layer2_2;12k_layer6_2;12k_layer10_2;12k_layer14_2,/ix/gwang/yiy219/SrCrGaO/4/Compare_Energy/group01/AFM,/ix/gwang/yiy219/SrCrGaO/4/Compare_Energy/group01/AFM/OUTCAR,/ix/gwang/yiy219/SrCrGaO/4/Compare_Energy/group01/AFM/INCAR,/ix/gwang/yiy219/SrCrGaO/4/Compare_Energy/group01/AFM/POSCAR,"directory recorded in inherited audit; file paths derived, not checked live",results/en/4Cr/group01/POSCAR_bulk_doped,data/bulk_input_original.vasp; not the HPC POSCAR
4Cr/group02,4,2,group02,FM,12k_layer2_2;12k_layer6_3;12k_layer10_2;12k_layer14_1,/ix/gwang/yiy219/SrCrGaO/4/Compare_Energy/group02/FM,/ix/gwang/yiy219/SrCrGaO/4/Compare_Energy/group02/FM/OUTCAR,/ix/gwang/yiy219/SrCrGaO/4/Compare_Energy/group02/FM/INCAR,/ix/gwang/yiy219/SrCrGaO/4/Compare_Energy/group02/FM/POSCAR,"directory recorded in inherited audit; file paths derived, not checked live",results/en/4Cr/group02/POSCAR_bulk_doped,data/bulk_input_original.vasp; not the HPC POSCAR
4Cr/group03,4,2,group03,AFM,12k_layer6_1;12k_layer6_2;12k_layer2_3;12k_layer10_3,/ix/gwang/yiy219/SrCrGaO/4/Compare_Energy/group03/AFM,/ix/gwang/yiy219/SrCrGaO/4/Compare_Energy/group03/AFM/OUTCAR,/ix/gwang/yiy219/SrCrGaO/4/Compare_Energy/group03/AFM/INCAR,/ix/gwang/yiy219/SrCrGaO/4/Compare_Energy/group03/AFM/POSCAR,"directory recorded in inherited audit; file paths derived, not checked live",results/en/4Cr/group03/POSCAR_bulk_doped,data/bulk_input_original.vasp; not the HPC POSCAR
4Cr/group04,4,2,group04,AFM,4f2_layer13;4f2_layer11;4f2_layer5;4f2_layer3,/ix/gwang/yiy219/SrCrGaO/4/Compare_Energy/group04/AFM,/ix/gwang/yiy219/SrCrGaO/4/Compare_Energy/group04/AFM/OUTCAR,/ix/gwang/yiy219/SrCrGaO/4/Compare_Energy/group04/AFM/INCAR,/ix/gwang/yiy219/SrCrGaO/4/Compare_Energy/group04/AFM/POSCAR,"directory recorded in inherited audit; file paths derived, not checked live",results/en/4Cr/group04/POSCAR_bulk_doped,data/bulk_input_original.vasp; not the HPC POSCAR
4Cr/group05,4,2,group05,AFM,4f2_layer13;4f2_layer11;2a_layer16;2a_layer8,/ix/gwang/yiy219/SrCrGaO/4/Compare_Energy/group05/AFM,/ix/gwang/yiy219/SrCrGaO/4/Compare_Energy/group05/AFM/OUTCAR,/ix/gwang/yiy219/SrCrGaO/4/Compare_Energy/group05/AFM/INCAR,/ix/gwang/yiy219/SrCrGaO/4/Compare_Energy/group05/AFM/POSCAR,"directory recorded in inherited audit; file paths derived, not checked live",results/en/4Cr/group05/POSCAR_bulk_doped,data/bulk_input_original.vasp; not the HPC POSCAR
4Cr/group06,4,2,group06,FM,4f2_layer11;4f2_layer5;2a_layer16;2a_layer8,/ix/gwang/yiy219/SrCrGaO/4/Compare_Energy/group06/FM,/ix/gwang/yiy219/SrCrGaO/4/Compare_Energy/group06/FM/OUTCAR,/ix/gwang/yiy219/SrCrGaO/4/Compare_Energy/group06/FM/INCAR,/ix/gwang/yiy219/SrCrGaO/4/Compare_Energy/group06/FM/POSCAR,"directory recorded in inherited audit; file paths derived, not checked live",results/en/4Cr/group06/POSCAR_bulk_doped,data/bulk_input_original.vasp; not the HPC POSCAR
4Cr/group07,4,2,group07,FM,12k_layer6_1;12k_layer6_2;2a_layer16;2a_layer8,/ix/gwang/yiy219/SrCrGaO/4/Compare_Energy/group07/FM,/ix/gwang/yiy219/SrCrGaO/4/Compare_Energy/group07/FM/OUTCAR,/ix/gwang/yiy219/SrCrGaO/4/Compare_Energy/group07/FM/INCAR,/ix/gwang/yiy219/SrCrGaO/4/Compare_Energy/group07/FM/POSCAR,"directory recorded in inherited audit; file paths derived, not checked live",results/en/4Cr/group07/POSCAR_bulk_doped,data/bulk_input_original.vasp; not the HPC POSCAR
4Cr/group08,4,2,group08,FM,12k_layer2_3;12k_layer10_1;2a_layer16;2a_layer8,/ix/gwang/yiy219/SrCrGaO/4/Compare_Energy/group08/FM,/ix/gwang/yiy219/SrCrGaO/4/Compare_Energy/group08/FM/OUTCAR,/ix/gwang/yiy219/SrCrGaO/4/Compare_Energy/group08/FM/INCAR,/ix/gwang/yiy219/SrCrGaO/4/Compare_Energy/group08/FM/POSCAR,"directory recorded in inherited audit; file paths derived, not checked live",results/en/4Cr/group08/POSCAR_bulk_doped,data/bulk_input_original.vasp; not the HPC POSCAR
4Cr/group09_case1,4,2,group09_case1,FM,2a_layer16;2a_layer8;4f2_layer13;12k_layer6_2,/ix/gwang/yiy219/SrCrGaO/4/Compare_Energy/group09_case1/FM,/ix/gwang/yiy219/SrCrGaO/4/Compare_Energy/group09_case1/FM/OUTCAR,/ix/gwang/yiy219/SrCrGaO/4/Compare_Energy/group09_case1/FM/INCAR,/ix/gwang/yiy219/SrCrGaO/4/Compare_Energy/group09_case1/FM/POSCAR,"directory recorded in inherited audit; file paths derived, not checked live",results/en/4Cr/group09_case1/POSCAR_bulk_doped,data/bulk_input_original.vasp; not the HPC POSCAR
4Cr/group09_case2,4,2,group09_case2,FM,2a_layer16;2a_layer8;4f2_layer5;12k_layer10_3,/ix/gwang/yiy219/SrCrGaO/4/Compare_Energy/group09_case2/FM,/ix/gwang/yiy219/SrCrGaO/4/Compare_Energy/group09_case2/FM/OUTCAR,/ix/gwang/yiy219/SrCrGaO/4/Compare_Energy/group09_case2/FM/INCAR,/ix/gwang/yiy219/SrCrGaO/4/Compare_Energy/group09_case2/FM/POSCAR,"directory recorded in inherited audit; file paths derived, not checked live",results/en/4Cr/group09_case2/POSCAR_bulk_doped,data/bulk_input_original.vasp; not the HPC POSCAR
4Cr/group10_case1,4,2,group10_case1,AFM,2a_layer16;12k_layer2_1;12k_layer10_2;4f2_layer11,/ix/gwang/yiy219/SrCrGaO/4/Compare_Energy/group10_case1/AFM,/ix/gwang/yiy219/SrCrGaO/4/Compare_Energy/group10_case1/AFM/OUTCAR,/ix/gwang/yiy219/SrCrGaO/4/Compare_Energy/group10_case1/AFM/INCAR,/ix/gwang/yiy219/SrCrGaO/4/Compare_Energy/group10_case1/AFM/POSCAR,"directory recorded in inherited audit; file paths derived, not checked live",results/en/4Cr/group10_case1/POSCAR_bulk_doped,data/bulk_input_original.vasp; not the HPC POSCAR
4Cr/group10_case2,4,2,group10_case2,FM,2a_layer8;12k_layer6_3;12k_layer14_2;4f2_layer5,/ix/gwang/yiy219/SrCrGaO/4/Compare_Energy/group10_case2/FM,/ix/gwang/yiy219/SrCrGaO/4/Compare_Energy/group10_case2/FM/OUTCAR,/ix/gwang/yiy219/SrCrGaO/4/Compare_Energy/group10_case2/FM/INCAR,/ix/gwang/yiy219/SrCrGaO/4/Compare_Energy/group10_case2/FM/POSCAR,"directory recorded in inherited audit; file paths derived, not checked live",results/en/4Cr/group10_case2/POSCAR_bulk_doped,data/bulk_input_original.vasp; not the HPC POSCAR
4Cr/group12,4,2,group12,AFM,2a_layer16;2a_layer8;2b_layer12;2b_layer4,/ix/gwang/yiy219/SrCrGaO/4/Compare_Energy/group12/AFM,/ix/gwang/yiy219/SrCrGaO/4/Compare_Energy/group12/AFM/OUTCAR,/ix/gwang/yiy219/SrCrGaO/4/Compare_Energy/group12/AFM/INCAR,/ix/gwang/yiy219/SrCrGaO/4/Compare_Energy/group12/AFM/POSCAR,"directory recorded in inherited audit; file paths derived, not checked live",results/en/4Cr/group12/POSCAR_bulk_doped,data/bulk_input_original.vasp; not the HPC POSCAR
4Cr/group14,4,2,group14,FM,12k_layer2_1;12k_layer10_3;2b_layer12;2b_layer4,/ix/gwang/yiy219/SrCrGaO/4/Compare_Energy/group14/FM,/ix/gwang/yiy219/SrCrGaO/4/Compare_Energy/group14/FM/OUTCAR,/ix/gwang/yiy219/SrCrGaO/4/Compare_Energy/group14/FM/INCAR,/ix/gwang/yiy219/SrCrGaO/4/Compare_Energy/group14/FM/POSCAR,"directory recorded in inherited audit; file paths derived, not checked live",results/en/4Cr/group14/POSCAR_bulk_doped,data/bulk_input_original.vasp; not the HPC POSCAR
4Cr/group15,4,2,group15,FM,4f1_layer15;4f1_layer7;2a_layer16;2a_layer8,/ix/gwang/yiy219/SrCrGaO/4/Compare_Energy/group15/FM,/ix/gwang/yiy219/SrCrGaO/4/Compare_Energy/group15/FM/OUTCAR,/ix/gwang/yiy219/SrCrGaO/4/Compare_Energy/group15/FM/INCAR,/ix/gwang/yiy219/SrCrGaO/4/Compare_Energy/group15/FM/POSCAR,"directory recorded in inherited audit; file paths derived, not checked live",results/en/4Cr/group15/POSCAR_bulk_doped,data/bulk_input_original.vasp; not the HPC POSCAR
4Cr/group16,4,2,group16,FM,4f1_layer15;4f1_layer9;4f1_layer7;4f1_layer1,/ix/gwang/yiy219/SrCrGaO/4/Compare_Energy/group16/FM,/ix/gwang/yiy219/SrCrGaO/4/Compare_Energy/group16/FM/OUTCAR,/ix/gwang/yiy219/SrCrGaO/4/Compare_Energy/group16/FM/INCAR,/ix/gwang/yiy219/SrCrGaO/4/Compare_Energy/group16/FM/POSCAR,"directory recorded in inherited audit; file paths derived, not checked live",results/en/4Cr/group16/POSCAR_bulk_doped,data/bulk_input_original.vasp; not the HPC POSCAR
4Cr/group17,4,2,group17,FM,4f1_layer9;2b_layer12;2a_layer8;12k_layer14_3,/ix/gwang/yiy219/SrCrGaO/4/Compare_Energy/group17/FM,/ix/gwang/yiy219/SrCrGaO/4/Compare_Energy/group17/FM/OUTCAR,/ix/gwang/yiy219/SrCrGaO/4/Compare_Energy/group17/FM/INCAR,/ix/gwang/yiy219/SrCrGaO/4/Compare_Energy/group17/FM/POSCAR,"directory recorded in inherited audit; file paths derived, not checked live",results/en/4Cr/group17/POSCAR_bulk_doped,data/bulk_input_original.vasp; not the HPC POSCAR
6Cr/group01,6,3,group01,AFM,12k_layer2_1;12k_layer2_2;12k_layer6_1;12k_layer6_2;12k_layer10_1;12k_layer10_2,/ix/gwang/yiy219/SrCrGaO/6/Compare_Energy/group01/AFM,/ix/gwang/yiy219/SrCrGaO/6/Compare_Energy/group01/AFM/OUTCAR,/ix/gwang/yiy219/SrCrGaO/6/Compare_Energy/group01/AFM/INCAR,/ix/gwang/yiy219/SrCrGaO/6/Compare_Energy/group01/AFM/POSCAR,"directory recorded in inherited audit; file paths derived, not checked live",results/en/6Cr/group01/POSCAR_bulk_doped,data/bulk_input_original.vasp; not the HPC POSCAR
6Cr/group02,6,3,group02,FM,12k_layer2_1;12k_layer2_3;12k_layer6_1;12k_layer6_3;12k_layer10_1;12k_layer10_3,/ix/gwang/yiy219/SrCrGaO/6/Compare_Energy/group02/FM,/ix/gwang/yiy219/SrCrGaO/6/Compare_Energy/group02/FM/OUTCAR,/ix/gwang/yiy219/SrCrGaO/6/Compare_Energy/group02/FM/INCAR,/ix/gwang/yiy219/SrCrGaO/6/Compare_Energy/group02/FM/POSCAR,"directory recorded in inherited audit; file paths derived, not checked live",results/en/6Cr/group02/POSCAR_bulk_doped,data/bulk_input_original.vasp; not the HPC POSCAR
6Cr/group03,6,3,group03,AFM,12k_layer2_2;12k_layer2_3;12k_layer6_2;12k_layer6_3;12k_layer10_2;12k_layer10_3,/ix/gwang/yiy219/SrCrGaO/6/Compare_Energy/group03/AFM,/ix/gwang/yiy219/SrCrGaO/6/Compare_Energy/group03/AFM/OUTCAR,/ix/gwang/yiy219/SrCrGaO/6/Compare_Energy/group03/AFM/INCAR,/ix/gwang/yiy219/SrCrGaO/6/Compare_Energy/group03/AFM/POSCAR,"directory recorded in inherited audit; file paths derived, not checked live",results/en/6Cr/group03/POSCAR_bulk_doped,data/bulk_input_original.vasp; not the HPC POSCAR
6Cr/group04,6,3,group04,AFM,12k_layer2_1;12k_layer2_2;12k_layer6_1;12k_layer6_2;12k_layer14_1;12k_layer14_2,/ix/gwang/yiy219/SrCrGaO/6/Compare_Energy/group04/AFM,/ix/gwang/yiy219/SrCrGaO/6/Compare_Energy/group04/AFM/OUTCAR,/ix/gwang/yiy219/SrCrGaO/6/Compare_Energy/group04/AFM/INCAR,/ix/gwang/yiy219/SrCrGaO/6/Compare_Energy/group04/AFM/POSCAR,"directory recorded in inherited audit; file paths derived, not checked live",results/en/6Cr/group04/POSCAR_bulk_doped,data/bulk_input_original.vasp; not the HPC POSCAR
6Cr/group05,6,3,group05,FM,12k_layer2_1;12k_layer2_2;12k_layer10_1;12k_layer10_2;12k_layer14_1;12k_layer14_2,/ix/gwang/yiy219/SrCrGaO/6/Compare_Energy/group05/FM,/ix/gwang/yiy219/SrCrGaO/6/Compare_Energy/group05/FM/OUTCAR,/ix/gwang/yiy219/SrCrGaO/6/Compare_Energy/group05/FM/INCAR,/ix/gwang/yiy219/SrCrGaO/6/Compare_Energy/group05/FM/POSCAR,"directory recorded in inherited audit; file paths derived, not checked live",results/en/6Cr/group05/POSCAR_bulk_doped,data/bulk_input_original.vasp; not the HPC POSCAR
6Cr/group06,6,3,group06,FM,12k_layer6_1;12k_layer6_2;12k_layer10_1;12k_layer10_2;2a_layer16;2a_layer8,/ix/gwang/yiy219/SrCrGaO/6/Compare_Energy/group06/FM,/ix/gwang/yiy219/SrCrGaO/6/Compare_Energy/group06/FM/OUTCAR,/ix/gwang/yiy219/SrCrGaO/6/Compare_Energy/group06/FM/INCAR,/ix/gwang/yiy219/SrCrGaO/6/Compare_Energy/group06/FM/POSCAR,"directory recorded in inherited audit; file paths derived, not checked live",results/en/6Cr/group06/POSCAR_bulk_doped,data/bulk_input_original.vasp; not the HPC POSCAR
6Cr/group07,6,3,group07,FM,12k_layer6_2;12k_layer6_3;12k_layer10_2;12k_layer10_3;2a_layer16;2a_layer8,/ix/gwang/yiy219/SrCrGaO/6/Compare_Energy/group07/FM,/ix/gwang/yiy219/SrCrGaO/6/Compare_Energy/group07/FM/OUTCAR,/ix/gwang/yiy219/SrCrGaO/6/Compare_Energy/group07/FM/INCAR,/ix/gwang/yiy219/SrCrGaO/6/Compare_Energy/group07/FM/POSCAR,"directory recorded in inherited audit; file paths derived, not checked live",results/en/6Cr/group07/POSCAR_bulk_doped,data/bulk_input_original.vasp; not the HPC POSCAR
6Cr/group08,6,3,group08,AFM,12k_layer2_1;12k_layer2_2;12k_layer6_1;12k_layer6_2;4f2_layer3;4f2_layer5,/ix/gwang/yiy219/SrCrGaO/6/Compare_Energy/group08/AFM,/ix/gwang/yiy219/SrCrGaO/6/Compare_Energy/group08/AFM/OUTCAR,/ix/gwang/yiy219/SrCrGaO/6/Compare_Energy/group08/AFM/INCAR,/ix/gwang/yiy219/SrCrGaO/6/Compare_Energy/group08/AFM/POSCAR,"directory recorded in inherited audit; file paths derived, not checked live",results/en/6Cr/group08/POSCAR_bulk_doped,data/bulk_input_original.vasp; not the HPC POSCAR
6Cr/group09,6,3,group09,AFM,12k_layer2_2;12k_layer2_3;12k_layer6_2;12k_layer6_3;4f2_layer3;2a_layer8,/ix/gwang/yiy219/SrCrGaO/6/Compare_Energy/group09/AFM,/ix/gwang/yiy219/SrCrGaO/6/Compare_Energy/group09/AFM/OUTCAR,/ix/gwang/yiy219/SrCrGaO/6/Compare_Energy/group09/AFM/INCAR,/ix/gwang/yiy219/SrCrGaO/6/Compare_Energy/group09/AFM/POSCAR,"directory recorded in inherited audit; file paths derived, not checked live",results/en/6Cr/group09/POSCAR_bulk_doped,data/bulk_input_original.vasp; not the HPC POSCAR
6Cr/group10,6,3,group10,AFM,2a_layer16;4f2_layer13;4f2_layer11;2a_layer8;4f2_layer5;4f2_layer3,/ix/gwang/yiy219/SrCrGaO/6/Compare_Energy/group10/AFM,/ix/gwang/yiy219/SrCrGaO/6/Compare_Energy/group10/AFM/OUTCAR,/ix/gwang/yiy219/SrCrGaO/6/Compare_Energy/group10/AFM/INCAR,/ix/gwang/yiy219/SrCrGaO/6/Compare_Energy/group10/AFM/POSCAR,"directory recorded in inherited audit; file paths derived, not checked live",results/en/6Cr/group10/POSCAR_bulk_doped,data/bulk_input_original.vasp; not the HPC POSCAR
6Cr/group11,6,3,group11,AFM,12k_layer6_1;12k_layer6_2;12k_layer14_1;12k_layer14_2;2a_layer8;4f2_layer11,/ix/gwang/yiy219/SrCrGaO/6/Compare_Energy/group11/AFM,/ix/gwang/yiy219/SrCrGaO/6/Compare_Energy/group11/AFM/OUTCAR,/ix/gwang/yiy219/SrCrGaO/6/Compare_Energy/group11/AFM/INCAR,/ix/gwang/yiy219/SrCrGaO/6/Compare_Energy/group11/AFM/POSCAR,"directory recorded in inherited audit; file paths derived, not checked live",results/en/6Cr/group11/POSCAR_bulk_doped,data/bulk_input_original.vasp; not the HPC POSCAR
6Cr/group12,6,3,group12,FM,12k_layer2_1;12k_layer2_2;12k_layer6_1;12k_layer6_2;4f1_layer15;4f1_layer9,/ix/gwang/yiy219/SrCrGaO/6/Compare_Energy/group12/FM,/ix/gwang/yiy219/SrCrGaO/6/Compare_Energy/group12/FM/OUTCAR,/ix/gwang/yiy219/SrCrGaO/6/Compare_Energy/group12/FM/INCAR,/ix/gwang/yiy219/SrCrGaO/6/Compare_Energy/group12/FM/POSCAR,"directory recorded in inherited audit; file paths derived, not checked live",results/en/6Cr/group12/POSCAR_bulk_doped,data/bulk_input_original.vasp; not the HPC POSCAR
6Cr/group13,6,3,group13,FM,12k_layer2_1;12k_layer2_2;12k_layer6_1;12k_layer6_2;2b_layer12;2b_layer4,/ix/gwang/yiy219/SrCrGaO/6/Compare_Energy/group13/FM,/ix/gwang/yiy219/SrCrGaO/6/Compare_Energy/group13/FM/OUTCAR,/ix/gwang/yiy219/SrCrGaO/6/Compare_Energy/group13/FM/INCAR,/ix/gwang/yiy219/SrCrGaO/6/Compare_Energy/group13/FM/POSCAR,"directory recorded in inherited audit; file paths derived, not checked live",results/en/6Cr/group13/POSCAR_bulk_doped,data/bulk_input_original.vasp; not the HPC POSCAR
6Cr/group14,6,3,group14,AFM,12k_layer2_1;12k_layer6_1;12k_layer10_1;12k_layer14_1;2a_layer16;2a_layer8,/ix/gwang/yiy219/SrCrGaO/6/Compare_Energy/group14/AFM,/ix/gwang/yiy219/SrCrGaO/6/Compare_Energy/group14/AFM/OUTCAR,/ix/gwang/yiy219/SrCrGaO/6/Compare_Energy/group14/AFM/INCAR,/ix/gwang/yiy219/SrCrGaO/6/Compare_Energy/group14/AFM/POSCAR,"directory recorded in inherited audit; file paths derived, not checked live",results/en/6Cr/group14/POSCAR_bulk_doped,data/bulk_input_original.vasp; not the HPC POSCAR
6Cr/group15,6,3,group15,AFM,12k_layer2_2;12k_layer6_2;12k_layer10_2;12k_layer14_2;4f2_layer3;4f2_layer5,/ix/gwang/yiy219/SrCrGaO/6/Compare_Energy/group15/AFM,/ix/gwang/yiy219/SrCrGaO/6/Compare_Energy/group15/AFM/OUTCAR,/ix/gwang/yiy219/SrCrGaO/6/Compare_Energy/group15/AFM/INCAR,/ix/gwang/yiy219/SrCrGaO/6/Compare_Energy/group15/AFM/POSCAR,"directory recorded in inherited audit; file paths derived, not checked live",results/en/6Cr/group15/POSCAR_bulk_doped,data/bulk_input_original.vasp; not the HPC POSCAR
8Cr/group01_all12k_pair12,8,4,group01_all12k_pair12,AFM,12k_layer2_1;12k_layer2_2;12k_layer6_1;12k_layer6_2;12k_layer10_1;12k_layer10_2;12k_layer14_1;12k_layer14_2,/ix/gwang/yiy219/SrCrGaO/8/Compare_Energy/group01_all12k_pair12/AFM,/ix/gwang/yiy219/SrCrGaO/8/Compare_Energy/group01_all12k_pair12/AFM/OUTCAR,/ix/gwang/yiy219/SrCrGaO/8/Compare_Energy/group01_all12k_pair12/AFM/INCAR,/ix/gwang/yiy219/SrCrGaO/8/Compare_Energy/group01_all12k_pair12/AFM/POSCAR,"directory recorded in inherited audit; file paths derived, not checked live",results/en/8Cr/group01_all12k_pair12/POSCAR_bulk_doped,data/bulk_input_original.vasp; not the HPC POSCAR
8Cr/group02_all12k_pair13,8,4,group02_all12k_pair13,AFM,12k_layer2_1;12k_layer2_3;12k_layer6_1;12k_layer6_3;12k_layer10_1;12k_layer10_3;12k_layer14_1;12k_layer14_3,/ix/gwang/yiy219/SrCrGaO/8/Compare_Energy/group02_all12k_pair13/AFM,/ix/gwang/yiy219/SrCrGaO/8/Compare_Energy/group02_all12k_pair13/AFM/OUTCAR,/ix/gwang/yiy219/SrCrGaO/8/Compare_Energy/group02_all12k_pair13/AFM/INCAR,/ix/gwang/yiy219/SrCrGaO/8/Compare_Energy/group02_all12k_pair13/AFM/POSCAR,"directory recorded in inherited audit; file paths derived, not checked live",results/en/8Cr/group02_all12k_pair13/POSCAR_bulk_doped,data/bulk_input_original.vasp; not the HPC POSCAR
8Cr/group03_all12k_pair23,8,4,group03_all12k_pair23,AFM,12k_layer2_2;12k_layer2_3;12k_layer6_2;12k_layer6_3;12k_layer10_2;12k_layer10_3;12k_layer14_2;12k_layer14_3,/ix/gwang/yiy219/SrCrGaO/8/Compare_Energy/group03_all12k_pair23/AFM,/ix/gwang/yiy219/SrCrGaO/8/Compare_Energy/group03_all12k_pair23/AFM/OUTCAR,/ix/gwang/yiy219/SrCrGaO/8/Compare_Energy/group03_all12k_pair23/AFM/INCAR,/ix/gwang/yiy219/SrCrGaO/8/Compare_Energy/group03_all12k_pair23/AFM/POSCAR,"directory recorded in inherited audit; file paths derived, not checked live",results/en/8Cr/group03_all12k_pair23/POSCAR_bulk_doped,data/bulk_input_original.vasp; not the HPC POSCAR
8Cr/group04_12k2-6-10_f2-3-5,8,4,group04_12k2-6-10_f2-3-5,FM,12k_layer2_1;12k_layer2_2;12k_layer6_1;12k_layer6_2;12k_layer10_1;12k_layer10_2;4f2_layer3;4f2_layer5,/ix/gwang/yiy219/SrCrGaO/8/Compare_Energy/group04_12k2-6-10_f2-3-5/FM,/ix/gwang/yiy219/SrCrGaO/8/Compare_Energy/group04_12k2-6-10_f2-3-5/FM/OUTCAR,/ix/gwang/yiy219/SrCrGaO/8/Compare_Energy/group04_12k2-6-10_f2-3-5/FM/INCAR,/ix/gwang/yiy219/SrCrGaO/8/Compare_Energy/group04_12k2-6-10_f2-3-5/FM/POSCAR,"directory recorded in inherited audit; file paths derived, not checked live",results/en/8Cr/group04_12k2-6-10_f2-3-5/POSCAR_bulk_doped,data/bulk_input_original.vasp; not the HPC POSCAR
8Cr/group05_12k2-6-10_f2-3_2a-8,8,4,group05_12k2-6-10_f2-3_2a-8,FM,12k_layer2_1;12k_layer2_2;12k_layer6_1;12k_layer6_2;12k_layer10_1;12k_layer10_2;4f2_layer3;2a_layer8,/ix/gwang/yiy219/SrCrGaO/8/Compare_Energy/group05_12k2-6-10_f2-3_2a-8/FM,/ix/gwang/yiy219/SrCrGaO/8/Compare_Energy/group05_12k2-6-10_f2-3_2a-8/FM/OUTCAR,/ix/gwang/yiy219/SrCrGaO/8/Compare_Energy/group05_12k2-6-10_f2-3_2a-8/FM/INCAR,/ix/gwang/yiy219/SrCrGaO/8/Compare_Energy/group05_12k2-6-10_f2-3_2a-8/FM/POSCAR,"directory recorded in inherited audit; file paths derived, not checked live",results/en/8Cr/group05_12k2-6-10_f2-3_2a-8/POSCAR_bulk_doped,data/bulk_input_original.vasp; not the HPC POSCAR
8Cr/group06_12k2-6-10_2a,8,4,group06_12k2-6-10_2a,AFM,12k_layer2_1;12k_layer2_2;12k_layer6_1;12k_layer6_2;12k_layer10_1;12k_layer10_2;2a_layer8;2a_layer16,/ix/gwang/yiy219/SrCrGaO/8/Compare_Energy/group06_12k2-6-10_2a/AFM,/ix/gwang/yiy219/SrCrGaO/8/Compare_Energy/group06_12k2-6-10_2a/AFM/OUTCAR,/ix/gwang/yiy219/SrCrGaO/8/Compare_Energy/group06_12k2-6-10_2a/AFM/INCAR,/ix/gwang/yiy219/SrCrGaO/8/Compare_Energy/group06_12k2-6-10_2a/AFM/POSCAR,"directory recorded in inherited audit; file paths derived, not checked live",results/en/8Cr/group06_12k2-6-10_2a/POSCAR_bulk_doped,data/bulk_input_original.vasp; not the HPC POSCAR
8Cr/group07_allf2_2a_12k-layer2,8,4,group07_allf2_2a_12k-layer2,AFM,12k_layer2_1;12k_layer2_2;4f2_layer3;4f2_layer5;2a_layer8;4f2_layer11;4f2_layer13;2a_layer16,/ix/gwang/yiy219/SrCrGaO/8/Compare_Energy/group07_allf2_2a_12k-layer2/AFM,/ix/gwang/yiy219/SrCrGaO/8/Compare_Energy/group07_allf2_2a_12k-layer2/AFM/OUTCAR,/ix/gwang/yiy219/SrCrGaO/8/Compare_Energy/group07_allf2_2a_12k-layer2/AFM/INCAR,/ix/gwang/yiy219/SrCrGaO/8/Compare_Energy/group07_allf2_2a_12k-layer2/AFM/POSCAR,"directory recorded in inherited audit; file paths derived, not checked live",results/en/8Cr/group07_allf2_2a_12k-layer2/POSCAR_bulk_doped,data/bulk_input_original.vasp; not the HPC POSCAR
8Cr/group08_allf2_2a_single12k-layers2-6,8,4,group08_allf2_2a_single12k-layers2-6,AFM,12k_layer2_1;4f2_layer3;4f2_layer5;12k_layer6_1;2a_layer8;4f2_layer11;4f2_layer13;2a_layer16,/ix/gwang/yiy219/SrCrGaO/8/Compare_Energy/group08_allf2_2a_single12k-layers2-6/AFM,/ix/gwang/yiy219/SrCrGaO/8/Compare_Energy/group08_allf2_2a_single12k-layers2-6/AFM/OUTCAR,/ix/gwang/yiy219/SrCrGaO/8/Compare_Energy/group08_allf2_2a_single12k-layers2-6/AFM/INCAR,/ix/gwang/yiy219/SrCrGaO/8/Compare_Energy/group08_allf2_2a_single12k-layers2-6/AFM/POSCAR,"directory recorded in inherited audit; file paths derived, not checked live",results/en/8Cr/group08_allf2_2a_single12k-layers2-6/POSCAR_bulk_doped,data/bulk_input_original.vasp; not the HPC POSCAR
8Cr/group09_allf2_2a_single12k-layers2-10,8,4,group09_allf2_2a_single12k-layers2-10,AFM,12k_layer2_1;4f2_layer3;4f2_layer5;2a_layer8;12k_layer10_1;4f2_layer11;4f2_layer13;2a_layer16,/ix/gwang/yiy219/SrCrGaO/8/Compare_Energy/group09_allf2_2a_single12k-layers2-10/AFM,/ix/gwang/yiy219/SrCrGaO/8/Compare_Energy/group09_allf2_2a_single12k-layers2-10/AFM/OUTCAR,/ix/gwang/yiy219/SrCrGaO/8/Compare_Energy/group09_allf2_2a_single12k-layers2-10/AFM/INCAR,/ix/gwang/yiy219/SrCrGaO/8/Compare_Energy/group09_allf2_2a_single12k-layers2-10/AFM/POSCAR,"directory recorded in inherited audit; file paths derived, not checked live",results/en/8Cr/group09_allf2_2a_single12k-layers2-10/POSCAR_bulk_doped,data/bulk_input_original.vasp; not the HPC POSCAR
8Cr/group10_allf2_one-per-12k-layer,8,4,group10_allf2_one-per-12k-layer,AFM,12k_layer2_1;4f2_layer3;4f2_layer5;12k_layer6_1;12k_layer10_1;4f2_layer11;4f2_layer13;12k_layer14_1,/ix/gwang/yiy219/SrCrGaO/8/Compare_Energy/group10_allf2_one-per-12k-layer/AFM,/ix/gwang/yiy219/SrCrGaO/8/Compare_Energy/group10_allf2_one-per-12k-layer/AFM/OUTCAR,/ix/gwang/yiy219/SrCrGaO/8/Compare_Energy/group10_allf2_one-per-12k-layer/AFM/INCAR,/ix/gwang/yiy219/SrCrGaO/8/Compare_Energy/group10_allf2_one-per-12k-layer/AFM/POSCAR,"directory recorded in inherited audit; file paths derived, not checked live",results/en/8Cr/group10_allf2_one-per-12k-layer/POSCAR_bulk_doped,data/bulk_input_original.vasp; not the HPC POSCAR
8Cr/group11_allf1_one-per-12k-layer,8,4,group11_allf1_one-per-12k-layer,FM,4f1_layer1;12k_layer2_1;12k_layer6_1;4f1_layer7;4f1_layer9;12k_layer10_1;12k_layer14_1;4f1_layer15,/ix/gwang/yiy219/SrCrGaO/8/Compare_Energy/group11_allf1_one-per-12k-layer/FM,/ix/gwang/yiy219/SrCrGaO/8/Compare_Energy/group11_allf1_one-per-12k-layer/FM/OUTCAR,/ix/gwang/yiy219/SrCrGaO/8/Compare_Energy/group11_allf1_one-per-12k-layer/FM/INCAR,/ix/gwang/yiy219/SrCrGaO/8/Compare_Energy/group11_allf1_one-per-12k-layer/FM/POSCAR,"directory recorded in inherited audit; file paths derived, not checked live",results/en/8Cr/group11_allf1_one-per-12k-layer/POSCAR_bulk_doped,data/bulk_input_original.vasp; not the HPC POSCAR
8Cr/group12_2b_f2-3-5_12k-layers2-6,8,4,group12_2b_f2-3-5_12k-layers2-6,FM,12k_layer2_1;12k_layer2_2;4f2_layer3;2b_layer4;4f2_layer5;12k_layer6_1;12k_layer6_2;2b_layer12,/ix/gwang/yiy219/SrCrGaO/8/Compare_Energy/group12_2b_f2-3-5_12k-layers2-6/FM,/ix/gwang/yiy219/SrCrGaO/8/Compare_Energy/group12_2b_f2-3-5_12k-layers2-6/FM/OUTCAR,/ix/gwang/yiy219/SrCrGaO/8/Compare_Energy/group12_2b_f2-3-5_12k-layers2-6/FM/INCAR,/ix/gwang/yiy219/SrCrGaO/8/Compare_Energy/group12_2b_f2-3-5_12k-layers2-6/FM/POSCAR,"directory recorded in inherited audit; file paths derived, not checked live",results/en/8Cr/group12_2b_f2-3-5_12k-layers2-6/POSCAR_bulk_doped,data/bulk_input_original.vasp; not the HPC POSCAR
8Cr/group13_pairs2-6-14_single10_2a-8,8,4,group13_pairs2-6-14_single10_2a-8,AFM,12k_layer2_1;12k_layer2_2;12k_layer6_1;12k_layer6_2;2a_layer8;12k_layer10_1;12k_layer14_1;12k_layer14_2,/ix/gwang/yiy219/SrCrGaO/8/Compare_Energy/group13_pairs2-6-14_single10_2a-8/AFM,/ix/gwang/yiy219/SrCrGaO/8/Compare_Energy/group13_pairs2-6-14_single10_2a-8/AFM/OUTCAR,/ix/gwang/yiy219/SrCrGaO/8/Compare_Energy/group13_pairs2-6-14_single10_2a-8/AFM/INCAR,/ix/gwang/yiy219/SrCrGaO/8/Compare_Energy/group13_pairs2-6-14_single10_2a-8/AFM/POSCAR,"directory recorded in inherited audit; file paths derived, not checked live",results/en/8Cr/group13_pairs2-6-14_single10_2a-8/POSCAR_bulk_doped,data/bulk_input_original.vasp; not the HPC POSCAR
8Cr/group14_pairs2-6-14_single10_f2-3,8,4,group14_pairs2-6-14_single10_f2-3,AFM,12k_layer2_1;12k_layer2_2;4f2_layer3;12k_layer6_1;12k_layer6_2;12k_layer10_1;12k_layer14_1;12k_layer14_2,/ix/gwang/yiy219/SrCrGaO/8/Compare_Energy/group14_pairs2-6-14_single10_f2-3/AFM,/ix/gwang/yiy219/SrCrGaO/8/Compare_Energy/group14_pairs2-6-14_single10_f2-3/AFM/OUTCAR,/ix/gwang/yiy219/SrCrGaO/8/Compare_Energy/group14_pairs2-6-14_single10_f2-3/AFM/INCAR,/ix/gwang/yiy219/SrCrGaO/8/Compare_Energy/group14_pairs2-6-14_single10_f2-3/AFM/POSCAR,"directory recorded in inherited audit; file paths derived, not checked live",results/en/8Cr/group14_pairs2-6-14_single10_f2-3/POSCAR_bulk_doped,data/bulk_input_original.vasp; not the HPC POSCAR
8Cr/group15_allf2_2a_12k-layer6,8,4,group15_allf2_2a_12k-layer6,AFM,4f2_layer3;4f2_layer5;12k_layer6_1;12k_layer6_2;2a_layer8;4f2_layer11;4f2_layer13;2a_layer16,/ix/gwang/yiy219/SrCrGaO/8/Compare_Energy/group15_allf2_2a_12k-layer6/AFM,/ix/gwang/yiy219/SrCrGaO/8/Compare_Energy/group15_allf2_2a_12k-layer6/AFM/OUTCAR,/ix/gwang/yiy219/SrCrGaO/8/Compare_Energy/group15_allf2_2a_12k-layer6/AFM/INCAR,/ix/gwang/yiy219/SrCrGaO/8/Compare_Energy/group15_allf2_2a_12k-layer6/AFM/POSCAR,"directory recorded in inherited audit; file paths derived, not checked live",results/en/8Cr/group15_allf2_2a_12k-layer6/POSCAR_bulk_doped,data/bulk_input_original.vasp; not the HPC POSCAR
8Cr/group16_allf2_2a_12k-layer10,8,4,group16_allf2_2a_12k-layer10,AFM,4f2_layer3;4f2_layer5;2a_layer8;12k_layer10_1;12k_layer10_2;4f2_layer11;4f2_layer13;2a_layer16,/ix/gwang/yiy219/SrCrGaO/8/Compare_Energy/group16_allf2_2a_12k-layer10/AFM,/ix/gwang/yiy219/SrCrGaO/8/Compare_Energy/group16_allf2_2a_12k-layer10/AFM/OUTCAR,/ix/gwang/yiy219/SrCrGaO/8/Compare_Energy/group16_allf2_2a_12k-layer10/AFM/INCAR,/ix/gwang/yiy219/SrCrGaO/8/Compare_Energy/group16_allf2_2a_12k-layer10/AFM/POSCAR,"directory recorded in inherited audit; file paths derived, not checked live",results/en/8Cr/group16_allf2_2a_12k-layer10/POSCAR_bulk_doped,data/bulk_input_original.vasp; not the HPC POSCAR
10Cr/group01,10,5,group01,AFM,12k_layer2_1;12k_layer2_2;12k_layer6_1;12k_layer6_2;12k_layer10_1;12k_layer10_2;12k_layer14_1;12k_layer14_2;4f2_layer3;4f2_layer5,/ix/gwang/yiy219/SrCrGaO/10/Compare_Energy/group01/AFM,/ix/gwang/yiy219/SrCrGaO/10/Compare_Energy/group01/AFM/OUTCAR,/ix/gwang/yiy219/SrCrGaO/10/Compare_Energy/group01/AFM/INCAR,/ix/gwang/yiy219/SrCrGaO/10/Compare_Energy/group01/AFM/POSCAR,"directory recorded in inherited audit; file paths derived, not checked live",results/en/10Cr/group01/POSCAR_bulk_doped,data/bulk_input_original.vasp; not the HPC POSCAR
10Cr/group02,10,5,group02,AFM,12k_layer2_1;12k_layer2_2;12k_layer6_1;12k_layer6_2;12k_layer10_1;12k_layer10_2;12k_layer14_1;12k_layer14_2;4f2_layer13;4f2_layer5,/ix/gwang/yiy219/SrCrGaO/10/Compare_Energy/group02/AFM,/ix/gwang/yiy219/SrCrGaO/10/Compare_Energy/group02/AFM/OUTCAR,/ix/gwang/yiy219/SrCrGaO/10/Compare_Energy/group02/AFM/INCAR,/ix/gwang/yiy219/SrCrGaO/10/Compare_Energy/group02/AFM/POSCAR,"directory recorded in inherited audit; file paths derived, not checked live",results/en/10Cr/group02/POSCAR_bulk_doped,data/bulk_input_original.vasp; not the HPC POSCAR
10Cr/group03,10,5,group03,AFM,12k_layer2_1;12k_layer2_2;12k_layer6_1;12k_layer6_2;12k_layer10_1;12k_layer10_2;12k_layer14_1;12k_layer14_2;2a_layer16;2a_layer8,/ix/gwang/yiy219/SrCrGaO/10/Compare_Energy/group03/AFM,/ix/gwang/yiy219/SrCrGaO/10/Compare_Energy/group03/AFM/OUTCAR,/ix/gwang/yiy219/SrCrGaO/10/Compare_Energy/group03/AFM/INCAR,/ix/gwang/yiy219/SrCrGaO/10/Compare_Energy/group03/AFM/POSCAR,"directory recorded in inherited audit; file paths derived, not checked live",results/en/10Cr/group03/POSCAR_bulk_doped,data/bulk_input_original.vasp; not the HPC POSCAR
10Cr/group04,10,5,group04,FM,12k_layer2_1;12k_layer2_2;12k_layer6_1;12k_layer6_2;12k_layer10_1;12k_layer10_2;12k_layer14_1;12k_layer14_2;4f2_layer3;2a_layer16,/ix/gwang/yiy219/SrCrGaO/10/Compare_Energy/group04/FM,/ix/gwang/yiy219/SrCrGaO/10/Compare_Energy/group04/FM/OUTCAR,/ix/gwang/yiy219/SrCrGaO/10/Compare_Energy/group04/FM/INCAR,/ix/gwang/yiy219/SrCrGaO/10/Compare_Energy/group04/FM/POSCAR,"directory recorded in inherited audit; file paths derived, not checked live",results/en/10Cr/group04/POSCAR_bulk_doped,data/bulk_input_original.vasp; not the HPC POSCAR
10Cr/group05,10,5,group05,FM,12k_layer2_1;12k_layer2_2;12k_layer6_1;12k_layer6_2;12k_layer10_1;12k_layer10_2;12k_layer14_1;12k_layer14_2;4f2_layer5;2a_layer8,/ix/gwang/yiy219/SrCrGaO/10/Compare_Energy/group05/FM,/ix/gwang/yiy219/SrCrGaO/10/Compare_Energy/group05/FM/OUTCAR,/ix/gwang/yiy219/SrCrGaO/10/Compare_Energy/group05/FM/INCAR,/ix/gwang/yiy219/SrCrGaO/10/Compare_Energy/group05/FM/POSCAR,"directory recorded in inherited audit; file paths derived, not checked live",results/en/10Cr/group05/POSCAR_bulk_doped,data/bulk_input_original.vasp; not the HPC POSCAR
10Cr/group07,10,5,group07,FM,12k_layer2_1;12k_layer2_2;12k_layer6_1;12k_layer6_2;12k_layer10_1;12k_layer10_2;12k_layer14_1;12k_layer14_2;4f2_layer13;2a_layer16,/ix/gwang/yiy219/SrCrGaO/10/Compare_Energy/group07/FM,/ix/gwang/yiy219/SrCrGaO/10/Compare_Energy/group07/FM/OUTCAR,/ix/gwang/yiy219/SrCrGaO/10/Compare_Energy/group07/FM/INCAR,/ix/gwang/yiy219/SrCrGaO/10/Compare_Energy/group07/FM/POSCAR,"directory recorded in inherited audit; file paths derived, not checked live",results/en/10Cr/group07/POSCAR_bulk_doped,data/bulk_input_original.vasp; not the HPC POSCAR
10Cr/group08,10,5,group08,AFM,12k_layer2_1;12k_layer2_2;12k_layer6_1;12k_layer6_2;12k_layer10_1;12k_layer10_2;12k_layer14_1;12k_layer14_2;2b_layer12;2b_layer4,/ix/gwang/yiy219/SrCrGaO/10/Compare_Energy/group08/AFM,/ix/gwang/yiy219/SrCrGaO/10/Compare_Energy/group08/AFM/OUTCAR,/ix/gwang/yiy219/SrCrGaO/10/Compare_Energy/group08/AFM/INCAR,/ix/gwang/yiy219/SrCrGaO/10/Compare_Energy/group08/AFM/POSCAR,"directory recorded in inherited audit; file paths derived, not checked live",results/en/10Cr/group08/POSCAR_bulk_doped,data/bulk_input_original.vasp; not the HPC POSCAR
10Cr/group09,10,5,group09,AFM,12k_layer2_1;12k_layer2_2;12k_layer6_1;12k_layer6_2;12k_layer10_1;12k_layer10_2;12k_layer14_1;12k_layer14_2;4f1_layer9;4f1_layer1,/ix/gwang/yiy219/SrCrGaO/10/Compare_Energy/group09/AFM,/ix/gwang/yiy219/SrCrGaO/10/Compare_Energy/group09/AFM/OUTCAR,/ix/gwang/yiy219/SrCrGaO/10/Compare_Energy/group09/AFM/INCAR,/ix/gwang/yiy219/SrCrGaO/10/Compare_Energy/group09/AFM/POSCAR,"directory recorded in inherited audit; file paths derived, not checked live",results/en/10Cr/group09/POSCAR_bulk_doped,data/bulk_input_original.vasp; not the HPC POSCAR
10Cr/group10,10,5,group10,FM,12k_layer2_1;12k_layer2_2;12k_layer6_1;12k_layer6_2;12k_layer10_1;12k_layer10_2;12k_layer14_1;12k_layer14_2;4f1_layer1;2b_layer4,/ix/gwang/yiy219/SrCrGaO/10/Compare_Energy/group10/FM,/ix/gwang/yiy219/SrCrGaO/10/Compare_Energy/group10/FM/OUTCAR,/ix/gwang/yiy219/SrCrGaO/10/Compare_Energy/group10/FM/INCAR,/ix/gwang/yiy219/SrCrGaO/10/Compare_Energy/group10/FM/POSCAR,"directory recorded in inherited audit; file paths derived, not checked live",results/en/10Cr/group10/POSCAR_bulk_doped,data/bulk_input_original.vasp; not the HPC POSCAR
10Cr/group11,10,5,group11,AFM,12k_layer2_1;12k_layer2_2;12k_layer6_1;12k_layer6_2;4f2_layer3;4f2_layer5;4f2_layer11;4f2_layer13;2a_layer16;2a_layer8,/ix/gwang/yiy219/SrCrGaO/10/Compare_Energy/group11/AFM,/ix/gwang/yiy219/SrCrGaO/10/Compare_Energy/group11/AFM/OUTCAR,/ix/gwang/yiy219/SrCrGaO/10/Compare_Energy/group11/AFM/INCAR,/ix/gwang/yiy219/SrCrGaO/10/Compare_Energy/group11/AFM/POSCAR,"directory recorded in inherited audit; file paths derived, not checked live",results/en/10Cr/group11/POSCAR_bulk_doped,data/bulk_input_original.vasp; not the HPC POSCAR
10Cr/group12,10,5,group12,AFM,12k_layer2_1;12k_layer2_2;12k_layer10_1;12k_layer10_2;4f2_layer3;4f2_layer5;4f2_layer11;4f2_layer13;2a_layer16;2a_layer8,/ix/gwang/yiy219/SrCrGaO/10/Compare_Energy/group12/AFM,/ix/gwang/yiy219/SrCrGaO/10/Compare_Energy/group12/AFM/OUTCAR,/ix/gwang/yiy219/SrCrGaO/10/Compare_Energy/group12/AFM/INCAR,/ix/gwang/yiy219/SrCrGaO/10/Compare_Energy/group12/AFM/POSCAR,"directory recorded in inherited audit; file paths derived, not checked live",results/en/10Cr/group12/POSCAR_bulk_doped,data/bulk_input_original.vasp; not the HPC POSCAR
10Cr/group13,10,5,group13,FM,12k_layer2_1;12k_layer2_2;12k_layer14_1;12k_layer14_2;4f2_layer3;4f2_layer5;4f2_layer11;4f2_layer13;2a_layer16;2a_layer8,/ix/gwang/yiy219/SrCrGaO/10/Compare_Energy/group13/FM,/ix/gwang/yiy219/SrCrGaO/10/Compare_Energy/group13/FM/OUTCAR,/ix/gwang/yiy219/SrCrGaO/10/Compare_Energy/group13/FM/INCAR,/ix/gwang/yiy219/SrCrGaO/10/Compare_Energy/group13/FM/POSCAR,"directory recorded in inherited audit; file paths derived, not checked live",results/en/10Cr/group13/POSCAR_bulk_doped,data/bulk_input_original.vasp; not the HPC POSCAR
10Cr/group14,10,5,group14,AFM,12k_layer2_1;12k_layer2_2;12k_layer6_1;12k_layer6_2;12k_layer10_1;12k_layer10_2;4f2_layer3;4f2_layer5;4f2_layer11;4f2_layer13,/ix/gwang/yiy219/SrCrGaO/10/Compare_Energy/group14/AFM,/ix/gwang/yiy219/SrCrGaO/10/Compare_Energy/group14/AFM/OUTCAR,/ix/gwang/yiy219/SrCrGaO/10/Compare_Energy/group14/AFM/INCAR,/ix/gwang/yiy219/SrCrGaO/10/Compare_Energy/group14/AFM/POSCAR,"directory recorded in inherited audit; file paths derived, not checked live",results/en/10Cr/group14/POSCAR_bulk_doped,data/bulk_input_original.vasp; not the HPC POSCAR
10Cr/group15,10,5,group15,AFM,12k_layer6_1;12k_layer6_2;12k_layer10_1;12k_layer10_2;12k_layer14_1;12k_layer14_2;4f2_layer3;4f2_layer5;4f2_layer11;4f2_layer13,/ix/gwang/yiy219/SrCrGaO/10/Compare_Energy/group15/AFM,/ix/gwang/yiy219/SrCrGaO/10/Compare_Energy/group15/AFM/OUTCAR,/ix/gwang/yiy219/SrCrGaO/10/Compare_Energy/group15/AFM/INCAR,/ix/gwang/yiy219/SrCrGaO/10/Compare_Energy/group15/AFM/POSCAR,"directory recorded in inherited audit; file paths derived, not checked live",results/en/10Cr/group15/POSCAR_bulk_doped,data/bulk_input_original.vasp; not the HPC POSCAR
