中文字段,English_field
10Cr数量,count_10Cr
2Cr数量,count_2Cr
4Cr数量,count_4Cr
6Cr数量,count_6Cr
8Cr数量,count_8Cr
Cr-O-Cr数量,Cr_O_Cr_count
Cr-O-Cr种类数,Cr_O_Cr_type_count
Cr-O数量,Cr_O_count
Cr-O种类数,Cr_O_type_count
Ga-O-Cr数量,Ga_O_Cr_count
Ga-O-Cr种类数,Ga_O_Cr_type_count
Ga-O-Ga数量,Ga_O_Ga_count
Ga-O-Ga种类数,Ga_O_Ga_type_count
Ga-O数量,Ga_O_count
Ga-O种类数,Ga_O_type_count
M-O-M种类并集,MOM_type_union_count
M-O-M种类数,MOM_type_count
M-O-M路径数量,MOM_path_count
O编号,oxygen_index_1based
POSCAR全局编号,POSCAR_global_index_1based
Sr-O-Cr数量,Sr_O_Cr_count
Sr-O-Cr种类数,Sr_O_Cr_type_count
Sr-O-Ga数量,Sr_O_Ga_count
Sr-O-Ga种类数,Sr_O_Ga_type_count
Sr-O-Sr数量,Sr_O_Sr_count
Sr-O-Sr种类数,Sr_O_Sr_type_count
Sr-O数量,Sr_O_count
Sr-O种类数,Sr_O_type_count
代表键长_A,representative_distance_A
位点标签,site_label
元素内编号,element_local_index_1based
全部构型单键总数,total_bonds_all_configurations
全部构型路径总数,total_paths_all_configurations
分类上限_不含_A,upper_bound_exclusive_A
分类下限_含_A,lower_bound_inclusive_A
单键数量,bond_count
单键种类并集,bond_type_union_count
单键种类数,bond_type_count
右位点标签,right_site_label
右元素内编号,right_element_index_1based
右金属元素,right_metal
右键代表长度_A,right_representative_distance_A
右键类别,right_bond_type
右键长_A,right_distance_A
周期镜像,periodic_image_shift
左位点标签,left_site_label
左元素内编号,left_element_index_1based
左金属元素,left_metal
左键代表长度_A,left_representative_distance_A
左键类别,left_bond_type
左键长_A,left_distance_A
平均角度_度,mean_angle_deg
数量,count
新bulk_Cr占位Ga编号,Cr_occupied_bulk_Ga_indices_1based
新bulk_Ga编号,bulk_Ga_index_1based
晶胞Cr数,nCr_cell
构型,configuration
构型数,configuration_count
每构型单键种类最多,max_bond_types_per_configuration
每构型单键种类最少,min_bond_types_per_configuration
每构型路径种类最多,max_path_types_per_configuration
每构型路径种类最少,min_path_types_per_configuration
类别,type_id
角度_度,angle_deg
角度子类,angle_subtype
记录类型,record_type
路径类型,path_family
金属元素,metal
键类别,bond_type
键长_A,distance_A
