路径类型,O编号,左金属元素,左元素内编号,左位点标签,左键类别,左键长_A,右金属元素,右元素内编号,右位点标签,右键类别,右键长_A,角度_度,角度子类
Sr-O-Ga,1,Sr,2,,Sr_O_01,2.8645793251769454,Ga,6,12k_layer10_3,Ga_O_04,1.9254359114790642,98.53656423965447,
Sr-O-Cr,1,Sr,2,,Sr_O_01,2.8645793251769454,Cr,6,12k_layer10_1,Cr_O_04,1.9254359117748707,98.5365615256255,
Sr-O-Ga,1,Sr,2,,Sr_O_01,2.8645793251769454,Ga,11,4f2_layer11,Ga_O_06,1.9849917587865524,96.9808317745596,
Ga-O-Cr,1,Ga,6,12k_layer10_3,Ga_O_04,1.9254359114790642,Cr,6,12k_layer10_1,Cr_O_04,1.9254359117748707,99.0652967746153,
Ga-O-Ga,1,Ga,6,12k_layer10_3,Ga_O_04,1.9254359114790642,Ga,11,4f2_layer11,Ga_O_06,1.9849917587865524,127.52348046866801,
Ga-O-Cr,1,Ga,11,4f2_layer11,Ga_O_06,1.9849917587865524,Cr,6,12k_layer10_1,Cr_O_04,1.9254359117748707,127.5234755728149,
Sr-O-Ga,2,Sr,1,,Sr_O_02,2.958098043228469,Ga,9,2b_layer4,Ga_O_01,1.8700732794118144,86.8049705917327,
Sr-O-Cr,2,Sr,1,,Sr_O_02,2.958098043228469,Cr,8,4f2_layer3,Cr_O_08,2.0663771907209756,92.38111475329846,
Sr-O-Ga,2,Sr,1,,Sr_O_02,2.958098043228469,Ga,13,4f2_layer5,Ga_O_08,2.0663771900543897,92.38111475406701,
Ga-O-Cr,2,Ga,9,2b_layer4,Ga_O_01,1.8700732794118144,Cr,8,4f2_layer3,Cr_O_08,2.0663771907209756,138.19584625265256,
Ga-O-Ga,2,Ga,9,2b_layer4,Ga_O_01,1.8700732794118144,Ga,13,4f2_layer5,Ga_O_08,2.0663771900543897,138.19584627332148,
Ga-O-Cr,2,Ga,13,4f2_layer5,Ga_O_08,2.0663771900543897,Cr,8,4f2_layer3,Cr_O_08,2.0663771907209756,83.60830747402592,
Cr-O-Cr,3,Cr,3,12k_layer6_2,Cr_O_10,2.0983234538709605,Cr,4,12k_layer6_1,Cr_O_10,2.0983234541175877,90.38185433384281,
Ga-O-Cr,3,Ga,8,2a_layer8,Ga_O_07,1.9948516601706343,Cr,3,12k_layer6_2,Cr_O_10,2.0983234538709605,95.53983750104724,
Ga-O-Cr,3,Ga,12,4f1_layer7,Ga_O_02,1.9084360732701862,Cr,3,12k_layer6_2,Cr_O_10,2.0983234538709605,120.77649915571592,
Ga-O-Cr,3,Ga,8,2a_layer8,Ga_O_07,1.9948516601706343,Cr,4,12k_layer6_1,Cr_O_10,2.0983234541175877,95.53983749825659,
Ga-O-Cr,3,Ga,12,4f1_layer7,Ga_O_02,1.9084360732701862,Cr,4,12k_layer6_1,Cr_O_10,2.0983234541175877,120.77649911989789,
Ga-O-Ga,3,Ga,12,4f1_layer7,Ga_O_02,1.9084360732701862,Ga,8,2a_layer8,Ga_O_07,1.9948516601706343,125.56937525757085,
Sr-O-Ga,4,Sr,1,,Sr_O_01,2.864579795118219,Ga,1,12k_layer6_3,Ga_O_04,1.9254355757587174,98.53655425423297,
Sr-O-Cr,4,Sr,1,,Sr_O_01,2.864579795118219,Cr,3,12k_layer6_2,Cr_O_04,1.9254355757587174,98.53655425423297,
Sr-O-Ga,4,Sr,1,,Sr_O_01,2.864579795118219,Ga,13,4f2_layer5,Ga_O_06,1.9849924184808014,96.98078647773454,
Ga-O-Cr,4,Ga,1,12k_layer6_3,Ga_O_04,1.9254355757587174,Cr,3,12k_layer6_2,Cr_O_04,1.9254355757587174,99.0653202682445,
Ga-O-Ga,4,Ga,1,12k_layer6_3,Ga_O_04,1.9254355757587174,Ga,13,4f2_layer5,Ga_O_06,1.9849924184808014,127.52348072355461,
Ga-O-Cr,4,Ga,13,4f2_layer5,Ga_O_06,1.9849924184808014,Cr,3,12k_layer6_2,Cr_O_04,1.9254355757587174,127.52348557448111,
Sr-O-Ga,5,Sr,2,,Sr_O_01,2.8645793169995204,Ga,4,12k_layer10_2,Ga_O_04,1.9254359120300575,98.53656180392184,
Sr-O-Ga,5,Sr,2,,Sr_O_01,2.8645793169995204,Ga,6,12k_layer10_3,Ga_O_04,1.9254358990968665,98.53656481601347,
Sr-O-Ga,5,Sr,2,,Sr_O_01,2.8645793169995204,Ga,11,4f2_layer11,Ga_O_06,1.9849916384047732,96.98082964892383,
Ga-O-Ga,5,Ga,4,12k_layer10_2,Ga_O_04,1.9254359120300575,Ga,6,12k_layer10_3,Ga_O_04,1.9254358990968665,99.06529721418384,
Ga-O-Ga,5,Ga,4,12k_layer10_2,Ga_O_04,1.9254359120300575,Ga,11,4f2_layer11,Ga_O_06,1.9849916384047732,127.52347783710152,
Ga-O-Ga,5,Ga,6,12k_layer10_3,Ga_O_04,1.9254358990968665,Ga,11,4f2_layer11,Ga_O_06,1.9849916384047732,127.52347859782068,
Ga-O-Cr,6,Ga,1,12k_layer6_3,Ga_O_05,1.9844559567789057,Cr,3,12k_layer6_2,Cr_O_05,1.9844559567789064,97.20981417315681,
Ga-O-Cr,6,Ga,1,12k_layer6_3,Ga_O_05,1.9844559567789057,Cr,4,12k_layer6_1,Cr_O_05,1.9844559569613607,97.20981416798472,
Ga-O-Ga,6,Ga,1,12k_layer6_3,Ga_O_05,1.9844559567789057,Ga,9,2b_layer4,Ga_O_11,2.277938441000001,119.97780203290056,
Cr-O-Cr,6,Cr,3,12k_layer6_2,Cr_O_05,1.9844559567789064,Cr,4,12k_layer6_1,Cr_O_05,1.9844559569613607,97.20981416798472,
Ga-O-Cr,6,Ga,9,2b_layer4,Ga_O_11,2.277938441000001,Cr,3,12k_layer6_2,Cr_O_05,1.9844559567789064,119.97780203290053,
Ga-O-Cr,6,Ga,9,2b_layer4,Ga_O_11,2.277938441000001,Cr,4,12k_layer6_1,Cr_O_05,1.9844559569613607,119.97780202986182,
Ga-O-Cr,7,Ga,2,12k_layer2_3,Ga_O_05,1.9844559567789046,Cr,2,12k_layer2_2,Cr_O_05,1.984455956778905,97.2098141731569,
Ga-O-Cr,7,Ga,2,12k_layer2_3,Ga_O_05,1.9844559567789046,Cr,7,12k_layer2_1,Cr_O_05,1.9844559569613596,97.20981416798482,
Ga-O-Ga,7,Ga,2,12k_layer2_3,Ga_O_05,1.9844559567789046,Ga,9,2b_layer4,Ga_O_11,2.2779384420000004,119.97780203290047,
Cr-O-Cr,7,Cr,2,12k_layer2_2,Cr_O_05,1.984455956778905,Cr,7,12k_layer2_1,Cr_O_05,1.9844559569613596,97.2098141679848,
Ga-O-Cr,7,Ga,9,2b_layer4,Ga_O_11,2.2779384420000004,Cr,2,12k_layer2_2,Cr_O_05,1.984455956778905,119.97780203290046,
Ga-O-Cr,7,Ga,9,2b_layer4,Ga_O_11,2.2779384420000004,Cr,7,12k_layer2_1,Cr_O_05,1.9844559569613596,119.97780202986178,
Cr-O-Cr,8,Cr,1,12k_layer14_1,Cr_O_10,2.0983229791065865,Cr,5,12k_layer14_2,Cr_O_10,2.098322979647595,90.38188046004933,
Ga-O-Cr,8,Ga,5,2a_layer16,Ga_O_07,1.9948520249218649,Cr,1,12k_layer14_1,Cr_O_10,2.0983229791065865,95.53983550697123,
Ga-O-Cr,8,Ga,16,4f1_layer15,Ga_O_02,1.9084361547650497,Cr,1,12k_layer14_1,Cr_O_10,2.0983229791065865,120.77651507201287,
Ga-O-Cr,8,Ga,5,2a_layer16,Ga_O_07,1.9948520249218649,Cr,5,12k_layer14_2,Cr_O_10,2.098322979647595,95.53983549431845,
Ga-O-Cr,8,Ga,16,4f1_layer15,Ga_O_02,1.9084361547650497,Cr,5,12k_layer14_2,Cr_O_10,2.098322979647595,120.77651072211417,
Ga-O-Ga,8,Ga,16,4f1_layer15,Ga_O_02,1.9084361547650497,Ga,5,2a_layer16,Ga_O_07,1.9948520249218649,125.5693380093834,
Sr-O-Cr,9,Sr,2,,Sr_O_01,2.8645792364135385,Cr,1,12k_layer14_1,Cr_O_04,1.9254359958162917,98.53656829508913,
Sr-O-Cr,9,Sr,2,,Sr_O_01,2.8645792364135385,Cr,5,12k_layer14_2,Cr_O_04,1.9254359955309297,98.53656831611765,
Sr-O-Ga,9,Sr,2,,Sr_O_01,2.8645792364135385,Ga,15,4f2_layer13,Ga_O_06,1.9849917593946296,96.98082930581299,
Cr-O-Cr,9,Cr,1,12k_layer14_1,Cr_O_04,1.9254359958162917,Cr,5,12k_layer14_2,Cr_O_04,1.9254359955309297,99.06529093418574,
Ga-O-Cr,9,Ga,15,4f2_layer13,Ga_O_06,1.9849917593946296,Cr,1,12k_layer14_1,Cr_O_04,1.9254359958162917,127.5234767533394,
Ga-O-Cr,9,Ga,15,4f2_layer13,Ga_O_06,1.9849917593946296,Cr,5,12k_layer14_2,Cr_O_04,1.9254359955309297,127.52348159828442,
Sr-O-Ga,10,Sr,2,,Sr_O_02,2.9580980427214705,Ga,7,2b_layer12,Ga_O_01,1.8700732788205217,86.80497059998802,
Sr-O-Ga,10,Sr,2,,Sr_O_02,2.9580980427214705,Ga,11,4f2_layer11,Ga_O_08,2.0663776487443304,92.38111422129754,
Sr-O-Ga,10,Sr,2,,Sr_O_02,2.9580980427214705,Ga,15,4f2_layer13,Ga_O_08,2.0663776487443317,92.38111422129754,
Ga-O-Ga,10,Ga,7,2b_layer12,Ga_O_01,1.8700732788205217,Ga,11,4f2_layer11,Ga_O_08,2.0663776487443304,138.19583205502565,
Ga-O-Ga,10,Ga,7,2b_layer12,Ga_O_01,1.8700732788205217,Ga,15,4f2_layer13,Ga_O_08,2.0663776487443317,138.1958320550256,
Ga-O-Ga,10,Ga,11,4f2_layer11,Ga_O_08,2.0663776487443304,Ga,15,4f2_layer13,Ga_O_08,2.0663776487443317,83.60833588994875,
Ga-O-Cr,11,Ga,6,12k_layer10_3,Ga_O_10,2.0983230324375253,Cr,6,12k_layer10_1,Cr_O_10,2.0983230324093904,90.38187756313302,
Ga-O-Ga,11,Ga,8,2a_layer8,Ga_O_07,1.9948520770594027,Ga,6,12k_layer10_3,Ga_O_10,2.0983230324375253,95.53983816639186,
Ga-O-Ga,11,Ga,10,4f1_layer9,Ga_O_02,1.9084361294606749,Ga,6,12k_layer10_3,Ga_O_10,2.0983230324375253,120.77650927074646,
Ga-O-Cr,11,Ga,8,2a_layer8,Ga_O_07,1.9948520770594027,Cr,6,12k_layer10_1,Cr_O_10,2.0983230324093904,95.53983815879204,
Ga-O-Cr,11,Ga,10,4f1_layer9,Ga_O_02,1.9084361294606749,Cr,6,12k_layer10_1,Cr_O_10,2.0983230324093904,120.77651363860963,
Ga-O-Ga,11,Ga,10,4f1_layer9,Ga_O_02,1.9084361294606749,Ga,8,2a_layer8,Ga_O_07,1.9948520770594027,125.56933851262501,
Ga-O-Ga,12,Ga,4,12k_layer10_2,Ga_O_05,1.98445595738215,Ga,6,12k_layer10_3,Ga_O_05,1.9844559575321832,97.20981417238754,
Ga-O-Cr,12,Ga,4,12k_layer10_2,Ga_O_05,1.98445595738215,Cr,6,12k_layer10_1,Cr_O_05,1.9844559572212264,97.20981417752728,
Ga-O-Ga,12,Ga,4,12k_layer10_2,Ga_O_05,1.98445595738215,Ga,7,2b_layer12,Ga_O_11,2.2779384420000004,119.9778020228538,
Ga-O-Cr,12,Ga,6,12k_layer10_3,Ga_O_05,1.9844559575321832,Cr,6,12k_layer10_1,Cr_O_05,1.9844559572212264,97.20981419444465,
Ga-O-Ga,12,Ga,6,12k_layer10_3,Ga_O_05,1.9844559575321832,Ga,7,2b_layer12,Ga_O_11,2.2779384420000004,119.97780202035507,
Ga-O-Cr,12,Ga,7,2b_layer12,Ga_O_11,2.2779384420000004,Cr,6,12k_layer10_1,Cr_O_05,1.9844559572212264,119.9778020255339,
Ga-O-Cr,13,Ga,1,12k_layer6_3,Ga_O_10,2.0983234538406146,Cr,3,12k_layer6_2,Cr_O_10,2.0983234544081824,90.38185432597547,
Ga-O-Ga,13,Ga,8,2a_layer8,Ga_O_07,1.994851660329504,Ga,1,12k_layer6_3,Ga_O_10,2.0983234538406146,95.53983749720236,
Ga-O-Ga,13,Ga,12,4f1_layer7,Ga_O_02,1.9084359271385227,Ga,1,12k_layer6_3,Ga_O_10,2.0983234538406146,120.77650209572008,
Ga-O-Cr,13,Ga,8,2a_layer8,Ga_O_07,1.994851660329504,Cr,3,12k_layer6_2,Cr_O_10,2.0983234544081824,95.53983747932115,
Ga-O-Cr,13,Ga,12,4f1_layer7,Ga_O_02,1.9084359271385227,Cr,3,12k_layer6_2,Cr_O_10,2.0983234544081824,120.77649772328051,
Ga-O-Ga,13,Ga,12,4f1_layer7,Ga_O_02,1.9084359271385227,Ga,8,2a_layer8,Ga_O_07,1.994851660329504,125.56937391037822,
Ga-O-Cr,14,Ga,3,12k_layer14_3,Ga_O_10,2.098322979539073,Cr,5,12k_layer14_2,Cr_O_10,2.098322979397181,90.38188045952178,
Ga-O-Ga,14,Ga,5,2a_layer16,Ga_O_07,1.9948520252426432,Ga,3,12k_layer14_3,Ga_O_10,2.098322979539073,95.53983549213824,
Ga-O-Ga,14,Ga,16,4f1_layer15,Ga_O_02,1.9084362998548778,Ga,3,12k_layer14_3,Ga_O_10,2.098322979539073,120.77651214241966,
Ga-O-Cr,14,Ga,5,2a_layer16,Ga_O_07,1.9948520252426432,Cr,5,12k_layer14_2,Cr_O_10,2.098322979397181,95.53983549251403,
Ga-O-Cr,14,Ga,16,4f1_layer15,Ga_O_02,1.9084362998548778,Cr,5,12k_layer14_2,Cr_O_10,2.098322979397181,120.7765121447271,
Ga-O-Ga,14,Ga,16,4f1_layer15,Ga_O_02,1.9084362998548778,Ga,5,2a_layer16,Ga_O_07,1.9948520252426432,125.56933935745016,
Ga-O-Cr,15,Ga,3,12k_layer14_3,Ga_O_09,2.094827383098975,Cr,1,12k_layer14_1,Cr_O_09,2.094827260093365,88.7350451332887,
Cr-O-Cr,15,Cr,1,12k_layer14_1,Cr_O_09,2.094827260093365,Cr,5,12k_layer14_2,Cr_O_09,2.094827260728784,88.73504842628631,
Ga-O-Cr,15,Ga,14,4f1_layer1,Ga_O_03,1.9091273005999965,Cr,1,12k_layer14_1,Cr_O_09,2.094827260093365,126.15403473057235,
Ga-O-Cr,15,Ga,3,12k_layer14_3,Ga_O_09,2.094827383098975,Cr,5,12k_layer14_2,Cr_O_09,2.094827260728784,88.73504513010724,
Ga-O-Ga,15,Ga,14,4f1_layer1,Ga_O_03,1.9091273005999965,Ga,3,12k_layer14_3,Ga_O_09,2.094827383098975,126.15403227239334,
Ga-O-Cr,15,Ga,14,4f1_layer1,Ga_O_03,1.9091273005999965,Cr,5,12k_layer14_2,Cr_O_09,2.094827260728784,126.15403471787398,
Sr-O-Ga,16,Sr,1,,Sr_O_02,2.9580979326637595,Ga,9,2b_layer4,Ga_O_01,1.8700735073000085,86.80496983385615,
Sr-O-Cr,16,Sr,1,,Sr_O_02,2.9580979326637595,Cr,8,4f2_layer3,Cr_O_08,2.066377020121716,92.38112139773958,
Sr-O-Ga,16,Sr,1,,Sr_O_02,2.9580979326637595,Ga,13,4f2_layer5,Ga_O_08,2.0663770194551296,92.38112139850814,
Ga-O-Cr,16,Ga,9,2b_layer4,Ga_O_01,1.8700735073000085,Cr,8,4f2_layer3,Cr_O_08,2.066377020121716,138.1958420226434,
Ga-O-Ga,16,Ga,9,2b_layer4,Ga_O_01,1.8700735073000085,Ga,13,4f2_layer5,Ga_O_08,2.0663770194551296,138.19584204331233,
Ga-O-Cr,16,Ga,13,4f2_layer5,Ga_O_08,2.0663770194551296,Cr,8,4f2_layer3,Cr_O_08,2.066377020121716,83.6083159340428,
Ga-O-Ga,17,Ga,4,12k_layer10_2,Ga_O_09,2.094827514410795,Ga,6,12k_layer10_3,Ga_O_09,2.094827636780971,88.73503155619585,
Ga-O-Cr,17,Ga,4,12k_layer10_2,Ga_O_09,2.094827514410795,Cr,6,12k_layer10_1,Cr_O_09,2.0948275137753765,88.73503485237335,
Ga-O-Ga,17,Ga,12,4f1_layer7,Ga_O_03,1.909127043000001,Ga,4,12k_layer10_2,Ga_O_09,2.094827514410795,126.15404421407234,
Ga-O-Cr,17,Ga,6,12k_layer10_3,Ga_O_09,2.094827636780971,Cr,6,12k_layer10_1,Cr_O_09,2.0948275137753765,88.7350315593773,
Ga-O-Ga,17,Ga,12,4f1_layer7,Ga_O_03,1.909127043000001,Ga,6,12k_layer10_3,Ga_O_09,2.094827636780971,126.15404176859145,
Ga-O-Cr,17,Ga,12,4f1_layer7,Ga_O_03,1.909127043000001,Cr,6,12k_layer10_1,Cr_O_09,2.0948275137753765,126.15404422677075,
Sr-O-Cr,18,Sr,1,,Sr_O_01,2.8645798765734263,Cr,2,12k_layer2_2,Cr_O_04,1.9254355763634932,98.53655157805012,
Sr-O-Cr,18,Sr,1,,Sr_O_01,2.8645798765734263,Cr,7,12k_layer2_1,Cr_O_04,1.925435563604,98.53655459381874,
Sr-O-Cr,18,Sr,1,,Sr_O_01,2.8645798765734263,Cr,8,4f2_layer3,Cr_O_06,1.9849922964805824,96.98078679484303,
Cr-O-Cr,18,Cr,2,12k_layer2_2,Cr_O_04,1.9254355763634932,Cr,7,12k_layer2_1,Cr_O_04,1.925435563604,99.06532067134732,
Cr-O-Cr,18,Cr,2,12k_layer2_2,Cr_O_04,1.9254355763634932,Cr,8,4f2_layer3,Cr_O_06,1.9849922964805824,127.52348298875303,
Cr-O-Cr,18,Cr,7,12k_layer2_1,Cr_O_04,1.925435563604,Cr,8,4f2_layer3,Cr_O_06,1.9849922964805824,127.52348376933294,
Ga-O-Cr,19,Ga,1,12k_layer6_3,Ga_O_09,2.094827515170505,Cr,3,12k_layer6_2,Cr_O_09,2.0948275151705045,88.7350348276718,
Ga-O-Cr,19,Ga,1,12k_layer6_3,Ga_O_09,2.094827515170505,Cr,4,12k_layer6_1,Cr_O_09,2.0948276379027013,88.7350315443063,
Ga-O-Ga,19,Ga,10,4f1_layer9,Ga_O_03,1.9091270429999996,Ga,1,12k_layer6_3,Ga_O_09,2.094827515170505,126.15404423276419,
Cr-O-Cr,19,Cr,3,12k_layer6_2,Cr_O_09,2.0948275151705045,Cr,4,12k_layer6_1,Cr_O_09,2.0948276379027013,88.7350315443063,
Ga-O-Cr,19,Ga,10,4f1_layer9,Ga_O_03,1.9091270429999996,Cr,3,12k_layer6_2,Cr_O_09,2.0948275151705045,126.15404423276419,
Ga-O-Cr,19,Ga,10,4f1_layer9,Ga_O_03,1.9091270429999996,Cr,4,12k_layer6_1,Cr_O_09,2.0948276379027013,126.15404178004859,
Ga-O-Cr,20,Ga,3,12k_layer14_3,Ga_O_05,1.9844560439741377,Cr,1,12k_layer14_1,Cr_O_05,1.9844560436631808,97.20980853166121,
Cr-O-Cr,20,Cr,1,12k_layer14_1,Cr_O_05,1.9844560436631808,Cr,5,12k_layer14_2,Cr_O_05,1.9844560438241048,97.20980851474384,
Ga-O-Cr,20,Ga,7,2b_layer12,Ga_O_11,2.2779384410000003,Cr,1,12k_layer14_1,Cr_O_05,1.9844560436631808,119.97780635221602,
Ga-O-Cr,20,Ga,3,12k_layer14_3,Ga_O_05,1.9844560439741377,Cr,5,12k_layer14_2,Cr_O_05,1.9844560438241048,97.2098085096041,
Ga-O-Ga,20,Ga,3,12k_layer14_3,Ga_O_05,1.9844560439741377,Ga,7,2b_layer12,Ga_O_11,2.2779384410000003,119.97780634703719,
Ga-O-Cr,20,Ga,7,2b_layer12,Ga_O_11,2.2779384410000003,Cr,5,12k_layer14_2,Cr_O_05,1.9844560438241048,119.97780634953591,
Sr-O-Ga,21,Sr,1,,Sr_O_01,2.864579884642825,Ga,2,12k_layer2_3,Ga_O_04,1.9254355761963797,98.53655131513625,
Sr-O-Cr,21,Sr,1,,Sr_O_01,2.864579884642825,Cr,7,12k_layer2_1,Cr_O_04,1.9254355756093033,98.53655403034108,
Sr-O-Cr,21,Sr,1,,Sr_O_01,2.864579884642825,Cr,8,4f2_layer3,Cr_O_06,1.9849924174878968,96.98078892732376,
Ga-O-Cr,21,Ga,2,12k_layer2_3,Ga_O_04,1.9254355761963797,Cr,7,12k_layer2_1,Cr_O_04,1.9254355756093033,99.06532025841263,
Ga-O-Cr,21,Ga,2,12k_layer2_3,Ga_O_04,1.9254355761963797,Cr,8,4f2_layer3,Cr_O_06,1.9849924174878968,127.52348070595293,
Cr-O-Cr,21,Cr,7,12k_layer2_1,Cr_O_04,1.9254355756093033,Cr,8,4f2_layer3,Cr_O_06,1.9849924174878968,127.52348561627646,
Ga-O-Ga,22,Ga,4,12k_layer10_2,Ga_O_10,2.0983230321761726,Ga,6,12k_layer10_3,Ga_O_10,2.0983230323180644,90.38187755793217,
Ga-O-Ga,22,Ga,8,2a_layer8,Ga_O_07,1.9948520773801812,Ga,4,12k_layer10_2,Ga_O_10,2.0983230321761726,95.53983816083753,
Ga-O-Ga,22,Ga,10,4f1_layer9,Ga_O_02,1.9084362745505044,Ga,4,12k_layer10_2,Ga_O_10,2.0983230321761726,120.7765106987983,
Ga-O-Ga,22,Ga,8,2a_layer8,Ga_O_07,1.9948520773801812,Ga,6,12k_layer10_3,Ga_O_10,2.0983230323180644,95.53983816046174,
Ga-O-Ga,22,Ga,10,4f1_layer9,Ga_O_02,1.9084362745505044,Ga,6,12k_layer10_3,Ga_O_10,2.0983230323180644,120.7765106964908,
Ga-O-Ga,22,Ga,10,4f1_layer9,Ga_O_02,1.9084362745505044,Ga,8,2a_layer8,Ga_O_07,1.9948520773801812,125.56933986069161,
Sr-O-Ga,23,Sr,2,,Sr_O_02,2.95809793284463,Ga,7,2b_layer12,Ga_O_01,1.870073507451236,86.80496984302638,
Sr-O-Ga,23,Sr,2,,Sr_O_02,2.95809793284463,Ga,11,4f2_layer11,Ga_O_08,2.0663774783167193,92.38112087630842,
Sr-O-Ga,23,Sr,2,,Sr_O_02,2.95809793284463,Ga,15,4f2_layer13,Ga_O_08,2.0663774783167206,92.38112087630842,
Ga-O-Ga,23,Ga,7,2b_layer12,Ga_O_01,1.870073507451236,Ga,11,4f2_layer11,Ga_O_08,2.0663774783167193,138.19582782927134,
Ga-O-Ga,23,Ga,7,2b_layer12,Ga_O_01,1.870073507451236,Ga,15,4f2_layer13,Ga_O_08,2.0663774783167206,138.19582782927128,
Ga-O-Ga,23,Ga,11,4f2_layer11,Ga_O_08,2.0663774783167193,Ga,15,4f2_layer13,Ga_O_08,2.0663774783167206,83.60834434145593,
Ga-O-Cr,24,Ga,3,12k_layer14_3,Ga_O_10,2.098322979658534,Cr,1,12k_layer14_1,Cr_O_10,2.0983229796303986,90.3818804647226,
Ga-O-Cr,24,Ga,5,2a_layer16,Ga_O_07,1.9948520249218644,Cr,1,12k_layer14_1,Cr_O_10,2.0983229796303986,95.53983549046853,
Ga-O-Cr,24,Ga,16,4f1_layer15,Ga_O_02,1.9084361547650501,Cr,1,12k_layer14_1,Cr_O_10,2.0983229796303986,120.77651508453856,
Ga-O-Ga,24,Ga,5,2a_layer16,Ga_O_07,1.9948520249218644,Ga,3,12k_layer14_3,Ga_O_10,2.098322979658534,95.53983549806836,
Ga-O-Ga,24,Ga,16,4f1_layer15,Ga_O_02,1.9084361547650501,Ga,3,12k_layer14_3,Ga_O_10,2.098322979658534,120.77651071667526,
Ga-O-Ga,24,Ga,16,4f1_layer15,Ga_O_02,1.9084361547650501,Ga,5,2a_layer16,Ga_O_07,1.9948520249218644,125.5693380093834,
Sr-O-Ga,25,Sr,1,,Sr_O_01,2.8645797959311503,Ga,2,12k_layer2_3,Ga_O_04,1.9254355757587163,98.53655426167471,
Sr-O-Cr,25,Sr,1,,Sr_O_01,2.8645797959311503,Cr,2,12k_layer2_2,Cr_O_04,1.925435575758716,98.53655426167471,
Sr-O-Cr,25,Sr,1,,Sr_O_01,2.8645797959311503,Cr,8,4f2_layer3,Cr_O_06,1.9849924184808014,96.98078646608653,
Ga-O-Cr,25,Ga,2,12k_layer2_3,Ga_O_04,1.9254355757587163,Cr,2,12k_layer2_2,Cr_O_04,1.925435575758716,99.0653202682446,
Ga-O-Cr,25,Ga,2,12k_layer2_3,Ga_O_04,1.9254355757587163,Cr,8,4f2_layer3,Cr_O_06,1.9849924184808014,127.52348072355458,
Cr-O-Cr,25,Cr,2,12k_layer2_2,Cr_O_04,1.925435575758716,Cr,8,4f2_layer3,Cr_O_06,1.9849924184808014,127.52348557448111,
Ga-O-Cr,26,Ga,4,12k_layer10_2,Ga_O_10,2.0983230324265865,Cr,6,12k_layer10_1,Cr_O_10,2.098323031885578,90.38187755845972,
Ga-O-Ga,26,Ga,8,2a_layer8,Ga_O_07,1.9948520770594032,Ga,4,12k_layer10_2,Ga_O_10,2.0983230324265865,95.53983816264196,
Ga-O-Ga,26,Ga,10,4f1_layer9,Ga_O_02,1.9084361294606744,Ga,4,12k_layer10_2,Ga_O_10,2.0983230324265865,120.77650927618535,
Ga-O-Cr,26,Ga,8,2a_layer8,Ga_O_07,1.9948520770594032,Cr,6,12k_layer10_1,Cr_O_10,2.098323031885578,95.53983817529473,
Ga-O-Cr,26,Ga,10,4f1_layer9,Ga_O_02,1.9084361294606744,Cr,6,12k_layer10_1,Cr_O_10,2.098323031885578,120.77651362608394,
Ga-O-Ga,26,Ga,10,4f1_layer9,Ga_O_02,1.9084361294606744,Ga,8,2a_layer8,Ga_O_07,1.9948520770594032,125.56933851262501,
Sr-O-Ga,27,Sr,2,,Sr_O_01,2.8645793169995213,Ga,3,12k_layer14_3,Ga_O_04,1.925435983138288,98.53656864803344,
Sr-O-Cr,27,Sr,2,,Sr_O_01,2.8645793169995213,Cr,5,12k_layer14_2,Cr_O_04,1.9254359960714784,98.53656563594188,
Sr-O-Ga,27,Sr,2,,Sr_O_01,2.8645793169995213,Ga,15,4f2_layer13,Ga_O_06,1.984991638404773,96.98082964892383,
Ga-O-Cr,27,Ga,3,12k_layer14_3,Ga_O_04,1.925435983138288,Cr,5,12k_layer14_2,Cr_O_04,1.9254359960714784,99.06529135119354,
Ga-O-Ga,27,Ga,3,12k_layer14_3,Ga_O_04,1.925435983138288,Ga,15,4f2_layer13,Ga_O_06,1.984991638404773,127.52347976997845,
Ga-O-Cr,27,Ga,15,4f2_layer13,Ga_O_06,1.984991638404773,Cr,5,12k_layer14_2,Cr_O_04,1.9254359960714784,127.52347900925933,
Sr-O-Ga,28,Sr,1,,Sr_O_01,2.864579883829894,Ga,1,12k_layer6_3,Ga_O_04,1.925435576196381,98.53655130769451,
Sr-O-Cr,28,Sr,1,,Sr_O_01,2.864579883829894,Cr,4,12k_layer6_1,Cr_O_04,1.9254355756093047,98.53655402289935,
Sr-O-Ga,28,Sr,1,,Sr_O_01,2.864579883829894,Ga,13,4f2_layer5,Ga_O_06,1.9849924174878968,96.98078893897177,
Ga-O-Cr,28,Ga,1,12k_layer6_3,Ga_O_04,1.925435576196381,Cr,4,12k_layer6_1,Cr_O_04,1.9254355756093047,99.06532025841254,
Ga-O-Ga,28,Ga,1,12k_layer6_3,Ga_O_04,1.925435576196381,Ga,13,4f2_layer5,Ga_O_06,1.9849924174878968,127.52348070595293,
Ga-O-Cr,28,Ga,13,4f2_layer5,Ga_O_06,1.9849924174878968,Cr,4,12k_layer6_1,Cr_O_04,1.9254355756093047,127.52348561627649,
Ga-O-Ga,29,Ga,5,2a_layer16,Ga_O_07,1.9948516604791149,Ga,2,12k_layer2_3,Ga_O_10,2.098323453827207,95.53983747936711,
Ga-O-Cr,29,Ga,2,12k_layer2_3,Ga_O_10,2.098323453827207,Cr,7,12k_layer2_1,Cr_O_10,2.0983234546414016,90.38185432064688,
Ga-O-Ga,29,Ga,14,4f1_layer1,Ga_O_02,1.9084359275969722,Ga,2,12k_layer2_3,Ga_O_10,2.098323453827207,120.77650211851457,
Ga-O-Cr,29,Ga,5,2a_layer16,Ga_O_07,1.9948516604791149,Cr,7,12k_layer2_1,Cr_O_10,2.0983234546414016,95.53983745869525,
Ga-O-Ga,29,Ga,14,4f1_layer1,Ga_O_02,1.9084359275969722,Ga,5,2a_layer16,Ga_O_07,1.9948516604791149,125.56937393233771,
Ga-O-Cr,29,Ga,14,4f1_layer1,Ga_O_02,1.9084359275969722,Cr,7,12k_layer2_1,Cr_O_10,2.0983234546414016,120.77649771025698,
Sr-O-Cr,30,Sr,2,,Sr_O_01,2.8645793251769462,Cr,1,12k_layer14_1,Cr_O_04,1.9254359958162914,98.53656535764551,
Sr-O-Ga,30,Sr,2,,Sr_O_01,2.8645793251769462,Ga,3,12k_layer14_3,Ga_O_04,1.9254359955204852,98.53656807167441,
Sr-O-Ga,30,Sr,2,,Sr_O_01,2.8645793251769462,Ga,15,4f2_layer13,Ga_O_06,1.984991758786552,96.9808317745596,
Ga-O-Cr,30,Ga,3,12k_layer14_3,Ga_O_04,1.9254359955204852,Cr,1,12k_layer14_1,Cr_O_04,1.9254359958162914,99.06529091162508,
Ga-O-Cr,30,Ga,15,4f2_layer13,Ga_O_06,1.984991758786552,Cr,1,12k_layer14_1,Cr_O_04,1.9254359958162914,127.52347674497258,
Ga-O-Ga,30,Ga,3,12k_layer14_3,Ga_O_04,1.9254359955204852,Ga,15,4f2_layer13,Ga_O_06,1.984991758786552,127.52348164082554,
Ga-O-Cr,31,Ga,2,12k_layer2_3,Ga_O_09,2.0948275151705062,Cr,2,12k_layer2_2,Cr_O_09,2.094827515170506,88.73503482767173,
Ga-O-Cr,31,Ga,2,12k_layer2_3,Ga_O_09,2.0948275151705062,Cr,7,12k_layer2_1,Cr_O_09,2.0948276379027027,88.73503154430622,
Ga-O-Ga,31,Ga,16,4f1_layer15,Ga_O_03,1.9091268705999949,Ga,2,12k_layer2_3,Ga_O_09,2.0948275151705062,126.15404423276424,
Cr-O-Cr,31,Cr,2,12k_layer2_2,Cr_O_09,2.094827515170506,Cr,7,12k_layer2_1,Cr_O_09,2.0948276379027027,88.73503154430622,
Ga-O-Cr,31,Ga,16,4f1_layer15,Ga_O_03,1.9091268705999949,Cr,2,12k_layer2_2,Cr_O_09,2.094827515170506,126.15404423276424,
Ga-O-Cr,31,Ga,16,4f1_layer15,Ga_O_03,1.9091268705999949,Cr,7,12k_layer2_1,Cr_O_09,2.0948276379027027,126.15404178004863,
Ga-O-Cr,32,Ga,5,2a_layer16,Ga_O_07,1.9948516599281325,Cr,2,12k_layer2_2,Cr_O_10,2.0983234538709623,95.53983749463896,
Cr-O-Cr,32,Cr,2,12k_layer2_2,Cr_O_10,2.0983234538709623,Cr,7,12k_layer2_1,Cr_O_10,2.0983234541175895,90.38185433384272,
Ga-O-Cr,32,Ga,14,4f1_layer1,Ga_O_02,1.9084360732701862,Cr,2,12k_layer2_2,Cr_O_10,2.0983234538709623,120.77649915571591,
Ga-O-Cr,32,Ga,5,2a_layer16,Ga_O_07,1.9948516599281325,Cr,7,12k_layer2_1,Cr_O_10,2.0983234541175895,95.53983749184829,
Ga-O-Ga,32,Ga,14,4f1_layer1,Ga_O_02,1.9084360732701862,Ga,5,2a_layer16,Ga_O_07,1.9948516599281325,125.56937526670762,
Ga-O-Cr,32,Ga,14,4f1_layer1,Ga_O_02,1.9084360732701862,Cr,7,12k_layer2_1,Cr_O_10,2.0983234541175895,120.77649911989789,
Sr-O-Ga,33,Sr,2,,Sr_O_01,2.864579236413537,Ga,4,12k_layer10_2,Ga_O_04,1.9254359114895088,98.5365644840976,
Sr-O-Cr,33,Sr,2,,Sr_O_01,2.864579236413537,Cr,6,12k_layer10_1,Cr_O_04,1.9254359117748707,98.53656446306906,
Sr-O-Ga,33,Sr,2,,Sr_O_01,2.864579236413537,Ga,11,4f2_layer11,Ga_O_06,1.9849917593946298,96.98082930581297,
Ga-O-Cr,33,Ga,4,12k_layer10_2,Ga_O_04,1.9254359114895088,Cr,6,12k_layer10_1,Cr_O_04,1.9254359117748707,99.06529679717596,
Ga-O-Ga,33,Ga,4,12k_layer10_2,Ga_O_04,1.9254359114895088,Ga,11,4f2_layer11,Ga_O_06,1.9849917593946298,127.52348042612692,
Ga-O-Cr,33,Ga,11,4f2_layer11,Ga_O_06,1.9849917593946298,Cr,6,12k_layer10_1,Cr_O_04,1.9254359117748707,127.52347558118174,
Ga-O-Cr,34,Ga,2,12k_layer2_3,Ga_O_10,2.0983234538406164,Cr,2,12k_layer2_2,Cr_O_10,2.098323454408184,90.38185432597538,
Ga-O-Ga,34,Ga,5,2a_layer16,Ga_O_07,1.994851660087002,Ga,2,12k_layer2_3,Ga_O_10,2.0983234538406164,95.53983749079407,
Ga-O-Ga,34,Ga,14,4f1_layer1,Ga_O_02,1.9084359271385227,Ga,2,12k_layer2_3,Ga_O_10,2.0983234538406164,120.77650209572005,
Ga-O-Cr,34,Ga,5,2a_layer16,Ga_O_07,1.994851660087002,Cr,2,12k_layer2_2,Cr_O_10,2.098323454408184,95.53983747291286,
Ga-O-Cr,34,Ga,14,4f1_layer1,Ga_O_02,1.9084359271385227,Cr,2,12k_layer2_2,Cr_O_10,2.098323454408184,120.77649772328051,
Ga-O-Ga,34,Ga,14,4f1_layer1,Ga_O_02,1.9084359271385227,Ga,5,2a_layer16,Ga_O_07,1.994851660087002,125.56937391951499,
Sr-O-Ga,35,Sr,1,,Sr_O_02,2.95809800345424,Ga,9,2b_layer4,Ga_O_01,1.870073355795254,86.8049704180912,
Sr-O-Cr,35,Sr,1,,Sr_O_02,2.95809800345424,Cr,8,4f2_layer3,Cr_O_08,2.066377246884635,92.38111473559532,
Sr-O-Ga,35,Sr,1,,Sr_O_02,2.95809800345424,Ga,13,4f2_layer5,Ga_O_08,2.0663772462180487,92.38111473636387,
Ga-O-Cr,35,Ga,9,2b_layer4,Ga_O_01,1.870073355795254,Cr,8,4f2_layer3,Cr_O_08,2.066377246884635,138.19584764523023,
Ga-O-Ga,35,Ga,9,2b_layer4,Ga_O_01,1.870073355795254,Ga,13,4f2_layer5,Ga_O_08,2.0663772462180487,138.19584766589918,
Ga-O-Cr,35,Ga,13,4f2_layer5,Ga_O_08,2.0663772462180487,Cr,8,4f2_layer3,Cr_O_08,2.066377246884635,83.6083046888706,
Ga-O-Cr,36,Ga,1,12k_layer6_3,Ga_O_10,2.0983234538272053,Cr,4,12k_layer6_1,Cr_O_10,2.0983234546414,90.38185432064697,
Ga-O-Ga,36,Ga,8,2a_layer8,Ga_O_07,1.9948516607216167,Ga,1,12k_layer6_3,Ga_O_10,2.0983234538272053,95.53983748577541,
Ga-O-Ga,36,Ga,12,4f1_layer7,Ga_O_02,1.9084359275969722,Ga,1,12k_layer6_3,Ga_O_10,2.0983234538272053,120.77650211851457,
Ga-O-Cr,36,Ga,8,2a_layer8,Ga_O_07,1.9948516607216167,Cr,4,12k_layer6_1,Cr_O_10,2.0983234546414,95.53983746510355,
Ga-O-Cr,36,Ga,12,4f1_layer7,Ga_O_02,1.9084359275969722,Cr,4,12k_layer6_1,Cr_O_10,2.0983234546414,120.77649771025698,
Ga-O-Ga,36,Ga,12,4f1_layer7,Ga_O_02,1.9084359275969722,Ga,8,2a_layer8,Ga_O_07,1.9948516607216167,125.56937392320094,
Sr-O-Ga,37,Sr,2,,Sr_O_02,2.9580980035278155,Ga,7,2b_layer12,Ga_O_01,1.870073355,86.8049704471802,
Sr-O-Ga,37,Sr,2,,Sr_O_02,2.9580980035278155,Ga,11,4f2_layer11,Ga_O_08,2.0663777054221355,92.38111417645474,
Sr-O-Ga,37,Sr,2,,Sr_O_02,2.9580980035278155,Ga,15,4f2_layer13,Ga_O_08,2.066377705422137,92.38111417645474,
Ga-O-Ga,37,Ga,7,2b_layer12,Ga_O_01,1.870073355,Ga,11,4f2_layer11,Ga_O_08,2.0663777054221355,138.19583346035193,
Ga-O-Ga,37,Ga,7,2b_layer12,Ga_O_01,1.870073355,Ga,15,4f2_layer13,Ga_O_08,2.066377705422137,138.1958334603519,
Ga-O-Ga,37,Ga,11,4f2_layer11,Ga_O_08,2.0663777054221355,Ga,15,4f2_layer13,Ga_O_08,2.066377705422137,83.60833307929619,
Sr-O-Cr,38,Sr,1,,Sr_O_01,2.8645798757604948,Cr,3,12k_layer6_2,Cr_O_04,1.9254355763634945,98.53655157060838,
Sr-O-Cr,38,Sr,1,,Sr_O_01,2.8645798757604948,Cr,4,12k_layer6_1,Cr_O_04,1.925435563604001,98.536554586377,
Sr-O-Ga,38,Sr,1,,Sr_O_01,2.8645798757604948,Ga,13,4f2_layer5,Ga_O_06,1.9849922964805824,96.98078680649105,
Cr-O-Cr,38,Cr,3,12k_layer6_2,Cr_O_04,1.9254355763634945,Cr,4,12k_layer6_1,Cr_O_04,1.925435563604001,99.06532067134724,
Ga-O-Cr,38,Ga,13,4f2_layer5,Ga_O_06,1.9849922964805824,Cr,3,12k_layer6_2,Cr_O_04,1.9254355763634945,127.52348298875306,
Ga-O-Cr,38,Ga,13,4f2_layer5,Ga_O_06,1.9849922964805824,Cr,4,12k_layer6_1,Cr_O_04,1.925435563604001,127.52348376933296,
