path_family,left_bond_type,left_representative_distance_A,right_bond_type,right_representative_distance_A,angle_subtype,mean_angle_deg,count
Sr-O-Sr,Sr_O_01,2.864579572419668,Sr_O_01,2.864579572419668,,,0
Sr-O-Sr,Sr_O_01,2.864579572419668,Sr_O_02,2.9580979930733977,,,0
Sr-O-Sr,Sr_O_02,2.9580979930733977,Sr_O_02,2.9580979930733977,,,0
Sr-O-Ga,Sr_O_01,2.864579572419668,Ga_O_01,1.8700733806298058,,,0
Sr-O-Ga,Sr_O_01,2.864579572419668,Ga_O_02,1.9084360832390157,,,0
Sr-O-Ga,Sr_O_01,2.864579572419668,Ga_O_03,1.9091270642999978,,,0
Sr-O-Ga,Sr_O_01,2.864579572419668,Ga_O_04,1.9254357627550096,,98.53655961426428,8
Sr-O-Ga,Sr_O_01,2.864579572419668,Ga_O_05,1.98445597871961,,,0
Sr-O-Ga,Sr_O_01,2.864579572419668,Ga_O_06,1.9849920481725392,,96.98080882250362,12
Sr-O-Ga,Sr_O_01,2.864579572419668,Ga_O_07,1.9948518556917803,,,0
Sr-O-Ga,Sr_O_01,2.864579572419668,Ga_O_08,2.0663773815351054,,,0
Sr-O-Ga,Sr_O_01,2.864579572419668,Ga_O_09,2.094827492114641,,,0
Sr-O-Ga,Sr_O_01,2.864579572419668,Ga_O_10,2.098323230001858,,,0
Sr-O-Ga,Sr_O_01,2.864579572419668,Ga_O_11,2.2779384415000004,,,0
Sr-O-Ga,Sr_O_02,2.9580979930733977,Ga_O_01,1.8700733806298058,,86.8049702889791,6
Sr-O-Ga,Sr_O_02,2.9580979930733977,Ga_O_02,1.9084360832390157,,,0
Sr-O-Ga,Sr_O_02,2.9580979930733977,Ga_O_03,1.9091270642999978,,,0
Sr-O-Ga,Sr_O_02,2.9580979930733977,Ga_O_04,1.9254357627550096,,,0
Sr-O-Ga,Sr_O_02,2.9580979930733977,Ga_O_05,1.98445597871961,,,0
Sr-O-Ga,Sr_O_02,2.9580979930733977,Ga_O_06,1.9849920481725392,,,0
Sr-O-Ga,Sr_O_02,2.9580979930733977,Ga_O_07,1.9948518556917803,,,0
Sr-O-Ga,Sr_O_02,2.9580979930733977,Ga_O_08,2.0663773815351054,,92.38111669364116,12
Sr-O-Ga,Sr_O_02,2.9580979930733977,Ga_O_09,2.094827492114641,,,0
Sr-O-Ga,Sr_O_02,2.9580979930733977,Ga_O_10,2.098323230001858,,,0
Sr-O-Ga,Sr_O_02,2.9580979930733977,Ga_O_11,2.2779384415000004,,,0
Sr-O-Cr,Sr_O_01,2.864579572419668,Cr_O_01,1.8700733806298058,,,0
Sr-O-Cr,Sr_O_01,2.864579572419668,Cr_O_02,1.9084360832390157,,,0
Sr-O-Cr,Sr_O_01,2.864579572419668,Cr_O_03,1.9091270642999978,,,0
Sr-O-Cr,Sr_O_01,2.864579572419668,Cr_O_04,1.9254357627550096,,98.53655929871941,16
Sr-O-Cr,Sr_O_01,2.864579572419668,Cr_O_05,1.98445597871961,,,0
Sr-O-Cr,Sr_O_01,2.864579572419668,Cr_O_06,1.9849920481725392,,,0
Sr-O-Cr,Sr_O_01,2.864579572419668,Cr_O_07,1.9948518556917803,,,0
Sr-O-Cr,Sr_O_01,2.864579572419668,Cr_O_08,2.0663773815351054,,,0
Sr-O-Cr,Sr_O_01,2.864579572419668,Cr_O_09,2.094827492114641,,,0
Sr-O-Cr,Sr_O_01,2.864579572419668,Cr_O_10,2.098323230001858,,,0
Sr-O-Cr,Sr_O_01,2.864579572419668,Cr_O_11,2.2779384415000004,,,0
Sr-O-Cr,Sr_O_02,2.9580979930733977,Cr_O_01,1.8700733806298058,,,0
Sr-O-Cr,Sr_O_02,2.9580979930733977,Cr_O_02,1.9084360832390157,,,0
Sr-O-Cr,Sr_O_02,2.9580979930733977,Cr_O_03,1.9091270642999978,,,0
Sr-O-Cr,Sr_O_02,2.9580979930733977,Cr_O_04,1.9254357627550096,,,0
Sr-O-Cr,Sr_O_02,2.9580979930733977,Cr_O_05,1.98445597871961,,,0
Sr-O-Cr,Sr_O_02,2.9580979930733977,Cr_O_06,1.9849920481725392,,,0
Sr-O-Cr,Sr_O_02,2.9580979930733977,Cr_O_07,1.9948518556917803,,,0
Sr-O-Cr,Sr_O_02,2.9580979930733977,Cr_O_08,2.0663773815351054,,,0
Sr-O-Cr,Sr_O_02,2.9580979930733977,Cr_O_09,2.094827492114641,,,0
Sr-O-Cr,Sr_O_02,2.9580979930733977,Cr_O_10,2.098323230001858,,,0
Sr-O-Cr,Sr_O_02,2.9580979930733977,Cr_O_11,2.2779384415000004,,,0
Ga-O-Ga,Ga_O_01,1.8700733806298058,Ga_O_01,1.8700733806298058,,,0
Ga-O-Ga,Ga_O_01,1.8700733806298058,Ga_O_02,1.9084360832390157,,,0
Ga-O-Ga,Ga_O_01,1.8700733806298058,Ga_O_03,1.9091270642999978,,,0
Ga-O-Ga,Ga_O_01,1.8700733806298058,Ga_O_04,1.9254357627550096,,,0
Ga-O-Ga,Ga_O_01,1.8700733806298058,Ga_O_05,1.98445597871961,,,0
Ga-O-Ga,Ga_O_01,1.8700733806298058,Ga_O_06,1.9849920481725392,,,0
Ga-O-Ga,Ga_O_01,1.8700733806298058,Ga_O_07,1.9948518556917803,,,0
Ga-O-Ga,Ga_O_01,1.8700733806298058,Ga_O_08,2.0663773815351054,,138.19583821602973,12
Ga-O-Ga,Ga_O_01,1.8700733806298058,Ga_O_09,2.094827492114641,,,0
Ga-O-Ga,Ga_O_01,1.8700733806298058,Ga_O_10,2.098323230001858,,,0
Ga-O-Ga,Ga_O_01,1.8700733806298058,Ga_O_11,2.2779384415000004,,,0
Ga-O-Ga,Ga_O_02,1.9084360832390157,Ga_O_02,1.9084360832390157,,,0
Ga-O-Ga,Ga_O_02,1.9084360832390157,Ga_O_03,1.9091270642999978,,,0
Ga-O-Ga,Ga_O_02,1.9084360832390157,Ga_O_04,1.9254357627550096,,,0
Ga-O-Ga,Ga_O_02,1.9084360832390157,Ga_O_05,1.98445597871961,,,0
Ga-O-Ga,Ga_O_02,1.9084360832390157,Ga_O_06,1.9849920481725392,,,0
Ga-O-Ga,Ga_O_02,1.9084360832390157,Ga_O_07,1.9948518556917803,,125.56935641122783,6
Ga-O-Ga,Ga_O_02,1.9084360832390157,Ga_O_08,2.0663773815351054,,,0
Ga-O-Ga,Ga_O_02,1.9084360832390157,Ga_O_09,2.094827492114641,,,0
Ga-O-Ga,Ga_O_02,1.9084360832390157,Ga_O_10,2.098323230001858,,120.77650676833238,4
Ga-O-Ga,Ga_O_02,1.9084360832390157,Ga_O_11,2.2779384415000004,,,0
Ga-O-Ga,Ga_O_03,1.9091270642999978,Ga_O_03,1.9091270642999978,,,0
Ga-O-Ga,Ga_O_03,1.9091270642999978,Ga_O_04,1.9254357627550096,,,0
Ga-O-Ga,Ga_O_03,1.9091270642999978,Ga_O_05,1.98445597871961,,,0
Ga-O-Ga,Ga_O_03,1.9091270642999978,Ga_O_06,1.9849920481725392,,,0
Ga-O-Ga,Ga_O_03,1.9091270642999978,Ga_O_07,1.9948518556917803,,,0
Ga-O-Ga,Ga_O_03,1.9091270642999978,Ga_O_08,2.0663773815351054,,,0
Ga-O-Ga,Ga_O_03,1.9091270642999978,Ga_O_09,2.094827492114641,,126.15404300067785,2
Ga-O-Ga,Ga_O_03,1.9091270642999978,Ga_O_10,2.098323230001858,,,0
Ga-O-Ga,Ga_O_03,1.9091270642999978,Ga_O_11,2.2779384415000004,,,0
Ga-O-Ga,Ga_O_04,1.9254357627550096,Ga_O_04,1.9254357627550096,,,0
Ga-O-Ga,Ga_O_04,1.9254357627550096,Ga_O_05,1.98445597871961,,,0
Ga-O-Ga,Ga_O_04,1.9254357627550096,Ga_O_06,1.9849920481725392,,127.52348041703847,8
Ga-O-Ga,Ga_O_04,1.9254357627550096,Ga_O_07,1.9948518556917803,,,0
Ga-O-Ga,Ga_O_04,1.9254357627550096,Ga_O_08,2.0663773815351054,,,0
Ga-O-Ga,Ga_O_04,1.9254357627550096,Ga_O_09,2.094827492114641,,,0
Ga-O-Ga,Ga_O_04,1.9254357627550096,Ga_O_10,2.098323230001858,,,0
Ga-O-Ga,Ga_O_04,1.9254357627550096,Ga_O_11,2.2779384415000004,,,0
Ga-O-Ga,Ga_O_05,1.98445597871961,Ga_O_05,1.98445597871961,,,0
Ga-O-Ga,Ga_O_05,1.98445597871961,Ga_O_06,1.9849920481725392,,,0
Ga-O-Ga,Ga_O_05,1.98445597871961,Ga_O_07,1.9948518556917803,,,0
Ga-O-Ga,Ga_O_05,1.98445597871961,Ga_O_08,2.0663773815351054,,,0
Ga-O-Ga,Ga_O_05,1.98445597871961,Ga_O_09,2.094827492114641,,,0
Ga-O-Ga,Ga_O_05,1.98445597871961,Ga_O_10,2.098323230001858,,,0
Ga-O-Ga,Ga_O_05,1.98445597871961,Ga_O_11,2.2779384415000004,,119.97780310829832,4
Ga-O-Ga,Ga_O_06,1.9849920481725392,Ga_O_06,1.9849920481725392,,,0
Ga-O-Ga,Ga_O_06,1.9849920481725392,Ga_O_07,1.9948518556917803,,,0
Ga-O-Ga,Ga_O_06,1.9849920481725392,Ga_O_08,2.0663773815351054,,,0
Ga-O-Ga,Ga_O_06,1.9849920481725392,Ga_O_09,2.094827492114641,,,0
Ga-O-Ga,Ga_O_06,1.9849920481725392,Ga_O_10,2.098323230001858,,,0
Ga-O-Ga,Ga_O_06,1.9849920481725392,Ga_O_11,2.2779384415000004,,,0
Ga-O-Ga,Ga_O_07,1.9948518556917803,Ga_O_07,1.9948518556917803,,,0
Ga-O-Ga,Ga_O_07,1.9948518556917803,Ga_O_08,2.0663773815351054,,,0
Ga-O-Ga,Ga_O_07,1.9948518556917803,Ga_O_09,2.094827492114641,,,0
Ga-O-Ga,Ga_O_07,1.9948518556917803,Ga_O_10,2.098323230001858,,95.5398371587749,8
Ga-O-Ga,Ga_O_07,1.9948518556917803,Ga_O_11,2.2779384415000004,,,0
Ga-O-Ga,Ga_O_08,2.0663773815351054,Ga_O_08,2.0663773815351054,,83.60832356794002,6
Ga-O-Ga,Ga_O_08,2.0663773815351054,Ga_O_09,2.094827492114641,,,0
Ga-O-Ga,Ga_O_08,2.0663773815351054,Ga_O_10,2.098323230001858,,,0
Ga-O-Ga,Ga_O_08,2.0663773815351054,Ga_O_11,2.2779384415000004,,,0
Ga-O-Ga,Ga_O_09,2.094827492114641,Ga_O_09,2.094827492114641,,,0
Ga-O-Ga,Ga_O_09,2.094827492114641,Ga_O_10,2.098323230001858,,,0
Ga-O-Ga,Ga_O_09,2.094827492114641,Ga_O_11,2.2779384415000004,,,0
Ga-O-Ga,Ga_O_10,2.098323230001858,Ga_O_10,2.098323230001858,,,0
Ga-O-Ga,Ga_O_10,2.098323230001858,Ga_O_11,2.2779384415000004,,,0
Ga-O-Ga,Ga_O_11,2.2779384415000004,Ga_O_11,2.2779384415000004,,,0
Ga-O-Cr,Ga_O_01,1.8700733806298058,Cr_O_01,1.8700733806298058,,,0
Ga-O-Cr,Ga_O_01,1.8700733806298058,Cr_O_02,1.9084360832390157,,,0
Ga-O-Cr,Ga_O_01,1.8700733806298058,Cr_O_03,1.9091270642999978,,,0
Ga-O-Cr,Ga_O_01,1.8700733806298058,Cr_O_04,1.9254357627550096,,,0
Ga-O-Cr,Ga_O_01,1.8700733806298058,Cr_O_05,1.98445597871961,,,0
Ga-O-Cr,Ga_O_01,1.8700733806298058,Cr_O_06,1.9849920481725392,,,0
Ga-O-Cr,Ga_O_01,1.8700733806298058,Cr_O_07,1.9948518556917803,,,0
Ga-O-Cr,Ga_O_01,1.8700733806298058,Cr_O_08,2.0663773815351054,,,0
Ga-O-Cr,Ga_O_01,1.8700733806298058,Cr_O_09,2.094827492114641,,,0
Ga-O-Cr,Ga_O_01,1.8700733806298058,Cr_O_10,2.098323230001858,,,0
Ga-O-Cr,Ga_O_01,1.8700733806298058,Cr_O_11,2.2779384415000004,,,0
Ga-O-Cr,Ga_O_02,1.9084360832390157,Cr_O_01,1.8700733806298058,,,0
Ga-O-Cr,Ga_O_02,1.9084360832390157,Cr_O_02,1.9084360832390157,,,0
Ga-O-Cr,Ga_O_02,1.9084360832390157,Cr_O_03,1.9091270642999978,,,0
Ga-O-Cr,Ga_O_02,1.9084360832390157,Cr_O_04,1.9254357627550096,,,0
Ga-O-Cr,Ga_O_02,1.9084360832390157,Cr_O_05,1.98445597871961,,,0
Ga-O-Cr,Ga_O_02,1.9084360832390157,Cr_O_06,1.9849920481725392,,,0
Ga-O-Cr,Ga_O_02,1.9084360832390157,Cr_O_07,1.9948518556917803,,,0
Ga-O-Cr,Ga_O_02,1.9084360832390157,Cr_O_08,2.0663773815351054,,,0
Ga-O-Cr,Ga_O_02,1.9084360832390157,Cr_O_09,2.094827492114641,,,0
Ga-O-Cr,Ga_O_02,1.9084360832390157,Cr_O_10,2.098323230001858,,120.77650584156801,8
Ga-O-Cr,Ga_O_02,1.9084360832390157,Cr_O_11,2.2779384415000004,,,0
Ga-O-Cr,Ga_O_03,1.9091270642999978,Cr_O_01,1.8700733806298058,,,0
Ga-O-Cr,Ga_O_03,1.9091270642999978,Cr_O_02,1.9084360832390157,,,0
Ga-O-Cr,Ga_O_03,1.9091270642999978,Cr_O_03,1.9091270642999978,,,0
Ga-O-Cr,Ga_O_03,1.9091270642999978,Cr_O_04,1.9254357627550096,,,0
Ga-O-Cr,Ga_O_03,1.9091270642999978,Cr_O_05,1.98445597871961,,,0
Ga-O-Cr,Ga_O_03,1.9091270642999978,Cr_O_06,1.9849920481725392,,,0
Ga-O-Cr,Ga_O_03,1.9091270642999978,Cr_O_07,1.9948518556917803,,,0
Ga-O-Cr,Ga_O_03,1.9091270642999978,Cr_O_08,2.0663773815351054,,,0
Ga-O-Cr,Ga_O_03,1.9091270642999978,Cr_O_09,2.094827492114641,,126.15404361341399,4
Ga-O-Cr,Ga_O_03,1.9091270642999978,Cr_O_10,2.098323230001858,,,0
Ga-O-Cr,Ga_O_03,1.9091270642999978,Cr_O_11,2.2779384415000004,,,0
Ga-O-Cr,Ga_O_04,1.9254357627550096,Cr_O_01,1.8700733806298058,,,0
Ga-O-Cr,Ga_O_04,1.9254357627550096,Cr_O_02,1.9084360832390157,,,0
Ga-O-Cr,Ga_O_04,1.9254357627550096,Cr_O_03,1.9091270642999978,,,0
Ga-O-Cr,Ga_O_04,1.9254357627550096,Cr_O_04,1.9254357627550096,,99.0653071631165,8
Ga-O-Cr,Ga_O_04,1.9254357627550096,Cr_O_05,1.98445597871961,,,0
Ga-O-Cr,Ga_O_04,1.9254357627550096,Cr_O_06,1.9849920481725392,,,0
Ga-O-Cr,Ga_O_04,1.9254357627550096,Cr_O_07,1.9948518556917803,,,0
Ga-O-Cr,Ga_O_04,1.9254357627550096,Cr_O_08,2.0663773815351054,,,0
Ga-O-Cr,Ga_O_04,1.9254357627550096,Cr_O_09,2.094827492114641,,,0
Ga-O-Cr,Ga_O_04,1.9254357627550096,Cr_O_10,2.098323230001858,,,0
Ga-O-Cr,Ga_O_04,1.9254357627550096,Cr_O_11,2.2779384415000004,,,0
Ga-O-Cr,Ga_O_05,1.98445597871961,Cr_O_01,1.8700733806298058,,,0
Ga-O-Cr,Ga_O_05,1.98445597871961,Cr_O_02,1.9084360832390157,,,0
Ga-O-Cr,Ga_O_05,1.98445597871961,Cr_O_03,1.9091270642999978,,,0
Ga-O-Cr,Ga_O_05,1.98445597871961,Cr_O_04,1.9254357627550096,,,0
Ga-O-Cr,Ga_O_05,1.98445597871961,Cr_O_05,1.98445597871961,,97.2098127612976,8
Ga-O-Cr,Ga_O_05,1.98445597871961,Cr_O_06,1.9849920481725392,,,0
Ga-O-Cr,Ga_O_05,1.98445597871961,Cr_O_07,1.9948518556917803,,,0
Ga-O-Cr,Ga_O_05,1.98445597871961,Cr_O_08,2.0663773815351054,,,0
Ga-O-Cr,Ga_O_05,1.98445597871961,Cr_O_09,2.094827492114641,,,0
Ga-O-Cr,Ga_O_05,1.98445597871961,Cr_O_10,2.098323230001858,,,0
Ga-O-Cr,Ga_O_05,1.98445597871961,Cr_O_11,2.2779384415000004,,,0
Ga-O-Cr,Ga_O_06,1.9849920481725392,Cr_O_01,1.8700733806298058,,,0
Ga-O-Cr,Ga_O_06,1.9849920481725392,Cr_O_02,1.9084360832390157,,,0
Ga-O-Cr,Ga_O_06,1.9849920481725392,Cr_O_03,1.9091270642999978,,,0
Ga-O-Cr,Ga_O_06,1.9849920481725392,Cr_O_04,1.9254357627550096,,127.523481213798,16
Ga-O-Cr,Ga_O_06,1.9849920481725392,Cr_O_05,1.98445597871961,,,0
Ga-O-Cr,Ga_O_06,1.9849920481725392,Cr_O_06,1.9849920481725392,,,0
Ga-O-Cr,Ga_O_06,1.9849920481725392,Cr_O_07,1.9948518556917803,,,0
Ga-O-Cr,Ga_O_06,1.9849920481725392,Cr_O_08,2.0663773815351054,,,0
Ga-O-Cr,Ga_O_06,1.9849920481725392,Cr_O_09,2.094827492114641,,,0
Ga-O-Cr,Ga_O_06,1.9849920481725392,Cr_O_10,2.098323230001858,,,0
Ga-O-Cr,Ga_O_06,1.9849920481725392,Cr_O_11,2.2779384415000004,,,0
Ga-O-Cr,Ga_O_07,1.9948518556917803,Cr_O_01,1.8700733806298058,,,0
Ga-O-Cr,Ga_O_07,1.9948518556917803,Cr_O_02,1.9084360832390157,,125.56935666741698,6
Ga-O-Cr,Ga_O_07,1.9948518556917803,Cr_O_03,1.9091270642999978,,,0
Ga-O-Cr,Ga_O_07,1.9948518556917803,Cr_O_04,1.9254357627550096,,,0
Ga-O-Cr,Ga_O_07,1.9948518556917803,Cr_O_05,1.98445597871961,,,0
Ga-O-Cr,Ga_O_07,1.9948518556917803,Cr_O_06,1.9849920481725392,,,0
Ga-O-Cr,Ga_O_07,1.9948518556917803,Cr_O_07,1.9948518556917803,,,0
Ga-O-Cr,Ga_O_07,1.9948518556917803,Cr_O_08,2.0663773815351054,,,0
Ga-O-Cr,Ga_O_07,1.9948518556917803,Cr_O_09,2.094827492114641,,,0
Ga-O-Cr,Ga_O_07,1.9948518556917803,Cr_O_10,2.098323230001858,,95.5398371564789,16
Ga-O-Cr,Ga_O_07,1.9948518556917803,Cr_O_11,2.2779384415000004,,,0
Ga-O-Cr,Ga_O_08,2.0663773815351054,Cr_O_01,1.8700733806298058,,,0
Ga-O-Cr,Ga_O_08,2.0663773815351054,Cr_O_02,1.9084360832390157,,,0
Ga-O-Cr,Ga_O_08,2.0663773815351054,Cr_O_03,1.9091270642999978,,,0
Ga-O-Cr,Ga_O_08,2.0663773815351054,Cr_O_04,1.9254357627550096,,,0
Ga-O-Cr,Ga_O_08,2.0663773815351054,Cr_O_05,1.98445597871961,,,0
Ga-O-Cr,Ga_O_08,2.0663773815351054,Cr_O_06,1.9849920481725392,,,0
Ga-O-Cr,Ga_O_08,2.0663773815351054,Cr_O_07,1.9948518556917803,,,0
Ga-O-Cr,Ga_O_08,2.0663773815351054,Cr_O_08,2.0663773815351054,,,0
Ga-O-Cr,Ga_O_08,2.0663773815351054,Cr_O_09,2.094827492114641,,,0
Ga-O-Cr,Ga_O_08,2.0663773815351054,Cr_O_10,2.098323230001858,,,0
Ga-O-Cr,Ga_O_08,2.0663773815351054,Cr_O_11,2.2779384415000004,,,0
Ga-O-Cr,Ga_O_09,2.094827492114641,Cr_O_01,1.8700733806298058,,,0
Ga-O-Cr,Ga_O_09,2.094827492114641,Cr_O_02,1.9084360832390157,,,0
Ga-O-Cr,Ga_O_09,2.094827492114641,Cr_O_03,1.9091270642999978,,126.15403825257877,2
Ga-O-Cr,Ga_O_09,2.094827492114641,Cr_O_04,1.9254357627550096,,,0
Ga-O-Cr,Ga_O_09,2.094827492114641,Cr_O_05,1.98445597871961,,,0
Ga-O-Cr,Ga_O_09,2.094827492114641,Cr_O_06,1.9849920481725392,,,0
Ga-O-Cr,Ga_O_09,2.094827492114641,Cr_O_07,1.9948518556917803,,,0
Ga-O-Cr,Ga_O_09,2.094827492114641,Cr_O_08,2.0663773815351054,,,0
Ga-O-Cr,Ga_O_09,2.094827492114641,Cr_O_09,2.094827492114641,,88.73503576536564,8
Ga-O-Cr,Ga_O_09,2.094827492114641,Cr_O_10,2.098323230001858,,,0
Ga-O-Cr,Ga_O_09,2.094827492114641,Cr_O_11,2.2779384415000004,,,0
Ga-O-Cr,Ga_O_10,2.098323230001858,Cr_O_01,1.8700733806298058,,,0
Ga-O-Cr,Ga_O_10,2.098323230001858,Cr_O_02,1.9084360832390157,,120.77650604536797,4
Ga-O-Cr,Ga_O_10,2.098323230001858,Cr_O_03,1.9091270642999978,,,0
Ga-O-Cr,Ga_O_10,2.098323230001858,Cr_O_04,1.9254357627550096,,,0
Ga-O-Cr,Ga_O_10,2.098323230001858,Cr_O_05,1.98445597871961,,,0
Ga-O-Cr,Ga_O_10,2.098323230001858,Cr_O_06,1.9849920481725392,,,0
Ga-O-Cr,Ga_O_10,2.098323230001858,Cr_O_07,1.9948518556917803,,,0
Ga-O-Cr,Ga_O_10,2.098323230001858,Cr_O_08,2.0663773815351054,,,0
Ga-O-Cr,Ga_O_10,2.098323230001858,Cr_O_09,2.094827492114641,,,0
Ga-O-Cr,Ga_O_10,2.098323230001858,Cr_O_10,2.098323230001858,,90.38186666731929,8
Ga-O-Cr,Ga_O_10,2.098323230001858,Cr_O_11,2.2779384415000004,,,0
Ga-O-Cr,Ga_O_11,2.2779384415000004,Cr_O_01,1.8700733806298058,,,0
Ga-O-Cr,Ga_O_11,2.2779384415000004,Cr_O_02,1.9084360832390157,,,0
Ga-O-Cr,Ga_O_11,2.2779384415000004,Cr_O_03,1.9091270642999978,,,0
Ga-O-Cr,Ga_O_11,2.2779384415000004,Cr_O_04,1.9254357627550096,,,0
Ga-O-Cr,Ga_O_11,2.2779384415000004,Cr_O_05,1.98445597871961,,119.97780310945802,8
Ga-O-Cr,Ga_O_11,2.2779384415000004,Cr_O_06,1.9849920481725392,,,0
Ga-O-Cr,Ga_O_11,2.2779384415000004,Cr_O_07,1.9948518556917803,,,0
Ga-O-Cr,Ga_O_11,2.2779384415000004,Cr_O_08,2.0663773815351054,,,0
Ga-O-Cr,Ga_O_11,2.2779384415000004,Cr_O_09,2.094827492114641,,,0
Ga-O-Cr,Ga_O_11,2.2779384415000004,Cr_O_10,2.098323230001858,,,0
Ga-O-Cr,Ga_O_11,2.2779384415000004,Cr_O_11,2.2779384415000004,,,0
Cr-O-Cr,Cr_O_01,1.8700733806298058,Cr_O_01,1.8700733806298058,,,0
Cr-O-Cr,Cr_O_01,1.8700733806298058,Cr_O_02,1.9084360832390157,,,0
Cr-O-Cr,Cr_O_01,1.8700733806298058,Cr_O_03,1.9091270642999978,,,0
Cr-O-Cr,Cr_O_01,1.8700733806298058,Cr_O_04,1.9254357627550096,,,0
Cr-O-Cr,Cr_O_01,1.8700733806298058,Cr_O_05,1.98445597871961,,,0
Cr-O-Cr,Cr_O_01,1.8700733806298058,Cr_O_06,1.9849920481725392,,,0
Cr-O-Cr,Cr_O_01,1.8700733806298058,Cr_O_07,1.9948518556917803,,,0
Cr-O-Cr,Cr_O_01,1.8700733806298058,Cr_O_08,2.0663773815351054,,,0
Cr-O-Cr,Cr_O_01,1.8700733806298058,Cr_O_09,2.094827492114641,,,0
Cr-O-Cr,Cr_O_01,1.8700733806298058,Cr_O_10,2.098323230001858,,,0
Cr-O-Cr,Cr_O_01,1.8700733806298058,Cr_O_11,2.2779384415000004,,,0
Cr-O-Cr,Cr_O_02,1.9084360832390157,Cr_O_02,1.9084360832390157,,,0
Cr-O-Cr,Cr_O_02,1.9084360832390157,Cr_O_03,1.9091270642999978,,,0
Cr-O-Cr,Cr_O_02,1.9084360832390157,Cr_O_04,1.9254357627550096,,,0
Cr-O-Cr,Cr_O_02,1.9084360832390157,Cr_O_05,1.98445597871961,,,0
Cr-O-Cr,Cr_O_02,1.9084360832390157,Cr_O_06,1.9849920481725392,,,0
Cr-O-Cr,Cr_O_02,1.9084360832390157,Cr_O_07,1.9948518556917803,,,0
Cr-O-Cr,Cr_O_02,1.9084360832390157,Cr_O_08,2.0663773815351054,,,0
Cr-O-Cr,Cr_O_02,1.9084360832390157,Cr_O_09,2.094827492114641,,,0
Cr-O-Cr,Cr_O_02,1.9084360832390157,Cr_O_10,2.098323230001858,,120.77650511860355,8
Cr-O-Cr,Cr_O_02,1.9084360832390157,Cr_O_11,2.2779384415000004,,,0
Cr-O-Cr,Cr_O_03,1.9091270642999978,Cr_O_03,1.9091270642999978,,,0
Cr-O-Cr,Cr_O_03,1.9091270642999978,Cr_O_04,1.9254357627550096,,,0
Cr-O-Cr,Cr_O_03,1.9091270642999978,Cr_O_05,1.98445597871961,,,0
Cr-O-Cr,Cr_O_03,1.9091270642999978,Cr_O_06,1.9849920481725392,,,0
Cr-O-Cr,Cr_O_03,1.9091270642999978,Cr_O_07,1.9948518556917803,,,0
Cr-O-Cr,Cr_O_03,1.9091270642999978,Cr_O_08,2.0663773815351054,,,0
Cr-O-Cr,Cr_O_03,1.9091270642999978,Cr_O_09,2.094827492114641,,126.15403886531479,4
Cr-O-Cr,Cr_O_03,1.9091270642999978,Cr_O_10,2.098323230001858,,,0
Cr-O-Cr,Cr_O_03,1.9091270642999978,Cr_O_11,2.2779384415000004,,,0
Cr-O-Cr,Cr_O_04,1.9254357627550096,Cr_O_04,1.9254357627550096,,99.06530726851408,4
Cr-O-Cr,Cr_O_04,1.9254357627550096,Cr_O_05,1.98445597871961,,,0
Cr-O-Cr,Cr_O_04,1.9254357627550096,Cr_O_06,1.9849920481725392,,,0
Cr-O-Cr,Cr_O_04,1.9254357627550096,Cr_O_07,1.9948518556917803,,,0
Cr-O-Cr,Cr_O_04,1.9254357627550096,Cr_O_08,2.0663773815351054,,,0
Cr-O-Cr,Cr_O_04,1.9254357627550096,Cr_O_09,2.094827492114641,,,0
Cr-O-Cr,Cr_O_04,1.9254357627550096,Cr_O_10,2.098323230001858,,,0
Cr-O-Cr,Cr_O_04,1.9254357627550096,Cr_O_11,2.2779384415000004,,,0
Cr-O-Cr,Cr_O_05,1.98445597871961,Cr_O_05,1.98445597871961,,97.20981275706015,4
Cr-O-Cr,Cr_O_05,1.98445597871961,Cr_O_06,1.9849920481725392,,,0
Cr-O-Cr,Cr_O_05,1.98445597871961,Cr_O_07,1.9948518556917803,,,0
Cr-O-Cr,Cr_O_05,1.98445597871961,Cr_O_08,2.0663773815351054,,,0
Cr-O-Cr,Cr_O_05,1.98445597871961,Cr_O_09,2.094827492114641,,,0
Cr-O-Cr,Cr_O_05,1.98445597871961,Cr_O_10,2.098323230001858,,,0
Cr-O-Cr,Cr_O_05,1.98445597871961,Cr_O_11,2.2779384415000004,,,0
Cr-O-Cr,Cr_O_06,1.9849920481725392,Cr_O_06,1.9849920481725392,,,0
Cr-O-Cr,Cr_O_06,1.9849920481725392,Cr_O_07,1.9948518556917803,,,0
Cr-O-Cr,Cr_O_06,1.9849920481725392,Cr_O_08,2.0663773815351054,,,0
Cr-O-Cr,Cr_O_06,1.9849920481725392,Cr_O_09,2.094827492114641,,,0
Cr-O-Cr,Cr_O_06,1.9849920481725392,Cr_O_10,2.098323230001858,,,0
Cr-O-Cr,Cr_O_06,1.9849920481725392,Cr_O_11,2.2779384415000004,,,0
Cr-O-Cr,Cr_O_07,1.9948518556917803,Cr_O_07,1.9948518556917803,,,0
Cr-O-Cr,Cr_O_07,1.9948518556917803,Cr_O_08,2.0663773815351054,,,0
Cr-O-Cr,Cr_O_07,1.9948518556917803,Cr_O_09,2.094827492114641,,,0
Cr-O-Cr,Cr_O_07,1.9948518556917803,Cr_O_10,2.098323230001858,,,0
Cr-O-Cr,Cr_O_07,1.9948518556917803,Cr_O_11,2.2779384415000004,,,0
Cr-O-Cr,Cr_O_08,2.0663773815351054,Cr_O_08,2.0663773815351054,,,0
Cr-O-Cr,Cr_O_08,2.0663773815351054,Cr_O_09,2.094827492114641,,,0
Cr-O-Cr,Cr_O_08,2.0663773815351054,Cr_O_10,2.098323230001858,,,0
Cr-O-Cr,Cr_O_08,2.0663773815351054,Cr_O_11,2.2779384415000004,,,0
Cr-O-Cr,Cr_O_09,2.094827492114641,Cr_O_09,2.094827492114641,,88.73503659181804,4
Cr-O-Cr,Cr_O_09,2.094827492114641,Cr_O_10,2.098323230001858,,,0
Cr-O-Cr,Cr_O_09,2.094827492114641,Cr_O_11,2.2779384415000004,,,0
Cr-O-Cr,Cr_O_10,2.098323230001858,Cr_O_10,2.098323230001858,,90.38186667154865,4
Cr-O-Cr,Cr_O_10,2.098323230001858,Cr_O_11,2.2779384415000004,,,0
Cr-O-Cr,Cr_O_11,2.2779384415000004,Cr_O_11,2.2779384415000004,,,0
