record_type,type_id,left_distance_A,right_distance_A,count_2Cr,count_4Cr,count_6Cr,count_8Cr,count_10Cr
bond,Sr_O_01,2.864579572419668,,156,204,180,192,168
bond,Sr_O_02,2.9580979930733977,,78,102,90,96,84
bond,Ga_O_01,1.8700733806298058,,69,87,84,90,75
bond,Ga_O_02,1.9084360832390157,,141,183,174,180,159
bond,Ga_O_03,1.9091270642999978,,47,61,58,60,53
bond,Ga_O_04,1.9254357627550096,,294,358,228,228,144
bond,Ga_O_05,1.98445597871961,,147,179,114,114,72
bond,Ga_O_06,1.9849920481725392,,141,168,150,102,87
bond,Ga_O_07,1.9948518556917803,,132,90,120,108,102
bond,Ga_O_08,2.0663773815351054,,141,168,150,102,87
bond,Ga_O_09,2.094827492114641,,147,179,114,114,72
bond,Ga_O_10,2.098323230001858,,294,358,228,228,144
bond,Ga_O_11,2.2779384415000004,,46,58,56,60,50
bond,Cr_O_01,1.8700733806298058,,9,15,6,6,9
bond,Cr_O_02,1.9084360832390157,,15,21,6,12,9
bond,Cr_O_03,1.9091270642999978,,5,7,2,4,3
bond,Cr_O_04,1.9254357627550096,,18,50,132,156,192
bond,Cr_O_05,1.98445597871961,,9,25,66,78,96
bond,Cr_O_06,1.9849920481725392,,15,36,30,90,81
bond,Cr_O_07,1.9948518556917803,,24,114,60,84,66
bond,Cr_O_08,2.0663773815351054,,15,36,30,90,81
bond,Cr_O_09,2.094827492114641,,9,25,66,78,96
bond,Cr_O_10,2.098323230001858,,18,50,132,156,192
bond,Cr_O_11,2.2779384415000004,,6,10,4,4,6
M-O-M,Cr-O-Cr__Cr_O_01__Cr_O_08__,1.8700733806298058,2.0663773815351054,0,0,0,6,0
M-O-M,Cr-O-Cr__Cr_O_02__Cr_O_07__,1.9084360832390157,1.9948518556917803,0,9,0,0,0
M-O-M,Cr-O-Cr__Cr_O_02__Cr_O_10__,1.9084360832390157,2.098323230001858,0,0,0,8,12
M-O-M,Cr-O-Cr__Cr_O_03__Cr_O_09__,1.9091270642999978,2.094827492114641,0,0,4,4,6
M-O-M,Cr-O-Cr__Cr_O_04__Cr_O_04__,1.9254357627550096,1.9254357627550096,1,2,29,32,48
M-O-M,Cr-O-Cr__Cr_O_04__Cr_O_06__,1.9254357627550096,1.9849920481725392,0,4,16,52,76
M-O-M,Cr-O-Cr__Cr_O_05__Cr_O_05__,1.98445597871961,1.98445597871961,1,2,29,32,48
M-O-M,Cr-O-Cr__Cr_O_05__Cr_O_11__,1.98445597871961,2.2779384415000004,0,3,4,4,12
M-O-M,Cr-O-Cr__Cr_O_07__Cr_O_10__,1.9948518556917803,2.098323230001858,0,16,32,46,64
M-O-M,Cr-O-Cr__Cr_O_08__Cr_O_08__,2.0663773815351054,2.0663773815351054,0,9,12,42,33
M-O-M,Cr-O-Cr__Cr_O_09__Cr_O_09__,2.094827492114641,2.094827492114641,1,2,29,32,48
M-O-M,Cr-O-Cr__Cr_O_10__Cr_O_10__,2.098323230001858,2.098323230001858,1,2,29,32,48
M-O-M,Ga-O-Cr__Ga_O_01__Cr_O_08__,1.8700733806298058,2.0663773815351054,15,36,30,84,81
M-O-M,Ga-O-Cr__Ga_O_02__Cr_O_07__,1.9084360832390157,1.9948518556917803,24,105,60,84,66
M-O-M,Ga-O-Cr__Ga_O_02__Cr_O_10__,1.9084360832390157,2.098323230001858,18,50,132,148,180
M-O-M,Ga-O-Cr__Ga_O_03__Cr_O_09__,1.9091270642999978,2.094827492114641,9,25,62,74,90
M-O-M,Ga-O-Cr__Ga_O_04__Cr_O_04__,1.9254357627550096,1.9254357627550096,16,46,74,92,96
M-O-M,Ga-O-Cr__Ga_O_04__Cr_O_06__,1.9254357627550096,1.9849920481725392,30,68,44,128,86
M-O-M,Ga-O-Cr__Ga_O_05__Cr_O_05__,1.98445597871961,1.98445597871961,16,46,74,92,96
M-O-M,Ga-O-Cr__Ga_O_05__Cr_O_11__,1.98445597871961,2.2779384415000004,18,27,8,8,6
M-O-M,Ga-O-Cr__Ga_O_06__Cr_O_04__,1.9849920481725392,1.9254357627550096,18,46,116,104,116
M-O-M,Ga-O-Cr__Ga_O_07__Cr_O_02__,1.9948518556917803,1.9084360832390157,15,12,6,12,9
M-O-M,Ga-O-Cr__Ga_O_07__Cr_O_10__,1.9948518556917803,2.098323230001858,18,34,100,110,128
M-O-M,Ga-O-Cr__Ga_O_08__Cr_O_01__,2.0663773815351054,1.8700733806298058,18,30,12,6,18
M-O-M,Ga-O-Cr__Ga_O_08__Cr_O_08__,2.0663773815351054,2.0663773815351054,15,18,6,6,15
M-O-M,Ga-O-Cr__Ga_O_09__Cr_O_03__,2.094827492114641,1.9091270642999978,15,21,2,8,3
M-O-M,Ga-O-Cr__Ga_O_09__Cr_O_09__,2.094827492114641,2.094827492114641,16,46,74,92,96
M-O-M,Ga-O-Cr__Ga_O_10__Cr_O_02__,2.098323230001858,1.9084360832390157,30,42,12,16,6
M-O-M,Ga-O-Cr__Ga_O_10__Cr_O_07__,2.098323230001858,1.9948518556917803,48,212,88,122,68
M-O-M,Ga-O-Cr__Ga_O_10__Cr_O_10__,2.098323230001858,2.098323230001858,16,46,74,92,96
M-O-M,Ga-O-Cr__Ga_O_11__Cr_O_05__,2.2779384415000004,1.98445597871961,9,22,62,74,84
M-O-M,Ga-O-Ga__Ga_O_01__Ga_O_08__,1.8700733806298058,2.0663773815351054,123,138,138,96,69
M-O-M,Ga-O-Ga__Ga_O_02__Ga_O_07__,1.9084360832390157,1.9948518556917803,117,78,114,96,93
M-O-M,Ga-O-Ga__Ga_O_02__Ga_O_10__,1.9084360832390157,2.098323230001858,264,316,216,212,138
M-O-M,Ga-O-Ga__Ga_O_03__Ga_O_09__,1.9091270642999978,2.094827492114641,132,158,112,106,69
M-O-M,Ga-O-Ga__Ga_O_04__Ga_O_04__,1.9254357627550096,1.9254357627550096,139,156,77,68,24
M-O-M,Ga-O-Ga__Ga_O_04__Ga_O_06__,1.9254357627550096,1.9849920481725392,264,290,184,100,58
M-O-M,Ga-O-Ga__Ga_O_05__Ga_O_05__,1.98445597871961,1.98445597871961,139,156,77,68,24
M-O-M,Ga-O-Ga__Ga_O_05__Ga_O_11__,1.98445597871961,2.2779384415000004,129,152,106,106,66
M-O-M,Ga-O-Ga__Ga_O_07__Ga_O_10__,1.9948518556917803,2.098323230001858,246,146,140,106,76
M-O-M,Ga-O-Ga__Ga_O_08__Ga_O_08__,2.0663773815351054,2.0663773815351054,63,75,72,48,36
M-O-M,Ga-O-Ga__Ga_O_09__Ga_O_09__,2.094827492114641,2.094827492114641,139,156,77,68,24
M-O-M,Ga-O-Ga__Ga_O_10__Ga_O_10__,2.098323230001858,2.098323230001858,139,156,77,68,24
M-O-M,Sr-O-Cr__Sr_O_01__Cr_O_04__,2.864579572419668,1.9254357627550096,18,50,132,156,192
M-O-M,Sr-O-Cr__Sr_O_01__Cr_O_06__,2.864579572419668,1.9849920481725392,15,36,30,90,81
M-O-M,Sr-O-Cr__Sr_O_02__Cr_O_01__,2.9580979930733977,1.8700733806298058,9,15,6,6,9
M-O-M,Sr-O-Cr__Sr_O_02__Cr_O_08__,2.9580979930733977,2.0663773815351054,15,36,30,90,81
M-O-M,Sr-O-Ga__Sr_O_01__Ga_O_04__,2.864579572419668,1.9254357627550096,294,358,228,228,144
M-O-M,Sr-O-Ga__Sr_O_01__Ga_O_06__,2.864579572419668,1.9849920481725392,141,168,150,102,87
M-O-M,Sr-O-Ga__Sr_O_02__Ga_O_01__,2.9580979930733977,1.8700733806298058,69,87,84,90,75
M-O-M,Sr-O-Ga__Sr_O_02__Ga_O_08__,2.9580979930733977,2.0663773815351054,141,168,150,102,87
